TEAM,DATE,MATCHUP,W/L,MIN,PTS,+/-
ATL,10/27/2015,ATL vs. DET,L,239,94,-12
DET,10/27/2015,DET @ ATL,W,239,106,12
GSW,10/27/2015,GSW vs. NOP,W,241,111,16
CLE,10/27/2015,CLE @ CHI,L,240,95,-2
NOP,10/27/2015,NOP @ GSW,L,241,95,-16
CHI,10/27/2015,CHI vs. CLE,W,240,97,2
POR,10/28/2015,POR vs. NOP,W,240,112,18
LAC,10/28/2015,LAC @ SAC,W,240,111,7
CHA,10/28/2015,CHA @ MIA,L,240,94,-10
SAS,10/28/2015,SAS @ OKC,L,240,106,-6
DET,10/28/2015,DET vs. UTA,W,240,92,5
TOR,10/28/2015,TOR vs. IND,W,239,106,7
SAC,10/28/2015,SAC vs. LAC,L,240,104,-7
BKN,10/28/2015,BKN vs. CHI,L,238,100,-15
MIL,10/28/2015,MIL vs. NYK,L,240,97,-25
CLE,10/28/2015,CLE @ MEM,W,240,106,30
LAL,10/28/2015,LAL vs. MIN,L,240,111,-1
WAS,10/28/2015,WAS @ ORL,W,240,88,1
OKC,10/28/2015,OKC vs. SAS,W,241,112,6
CHI,10/28/2015,CHI @ BKN,W,239,115,15
IND,10/28/2015,IND @ TOR,L,241,99,-7
PHX,10/28/2015,PHX vs. DAL,L,238,95,-16
MIN,10/28/2015,MIN @ LAL,W,241,112,1
MIA,10/28/2015,MIA vs. CHA,W,239,104,10
HOU,10/28/2015,HOU vs. DEN,L,239,85,-20
BOS,10/28/2015,BOS vs. PHI,W,240,112,17
DAL,10/28/2015,DAL @ PHX,W,240,111,16
PHI,10/28/2015,PHI @ BOS,L,241,95,-17
ORL,10/28/2015,ORL vs. WAS,L,240,87,-1
DEN,10/28/2015,DEN @ HOU,W,241,105,20
NOP,10/28/2015,NOP @ POR,L,240,94,-18
UTA,10/28/2015,UTA @ DET,L,238,87,-5
NYK,10/28/2015,NYK @ MIL,W,240,122,25
MEM,10/28/2015,MEM vs. CLE,L,241,76,-30
DAL,10/29/2015,DAL @ LAC,L,238,88,-16
IND,10/29/2015,IND vs. MEM,L,240,103,-9
LAC,10/29/2015,LAC vs. DAL,W,240,104,16
MEM,10/29/2015,MEM @ IND,W,240,112,9
ATL,10/29/2015,ATL @ NYK,W,240,112,11
NYK,10/29/2015,NYK vs. ATL,L,239,101,-11
MIN,10/30/2015,MIN @ DEN,W,239,95,17
SAS,10/30/2015,SAS vs. BKN,W,242,102,27
CHI,10/30/2015,CHI @ DET,L,265,94,-4
WAS,10/30/2015,WAS @ MIL,W,239,118,5
BKN,10/30/2015,BKN @ SAS,L,238,75,-27
MIA,10/30/2015,MIA @ CLE,L,238,92,-10
UTA,10/30/2015,UTA @ PHI,W,241,99,28
MIL,10/30/2015,MIL vs. WAS,L,241,113,-5
SAC,10/30/2015,SAC vs. LAL,W,239,132,18
PHX,10/30/2015,PHX vs. POR,W,240,110,18
TOR,10/30/2015,TOR @ BOS,W,240,113,10
ORL,10/30/2015,ORL vs. OKC,L,290,136,-3
ATL,10/30/2015,ATL vs. CHA,W,241,97,3
CLE,10/30/2015,CLE vs. MIA,W,238,102,10
PHI,10/30/2015,PHI vs. UTA,L,238,71,-28
CHA,10/30/2015,CHA @ ATL,L,242,94,-3
BOS,10/30/2015,BOS vs. TOR,L,240,103,-10
GSW,10/30/2015,GSW @ HOU,W,239,112,20
POR,10/30/2015,POR @ PHX,L,241,92,-18
OKC,10/30/2015,OKC @ ORL,W,292,139,3
LAL,10/30/2015,LAL @ SAC,L,240,114,-18
HOU,10/30/2015,HOU vs. GSW,L,242,92,-20
DET,10/30/2015,DET vs. CHI,W,266,98,4
DEN,10/30/2015,DEN vs. MIN,L,240,78,-17
LAC,10/31/2015,LAC vs. SAC,W,239,114,5
GSW,10/31/2015,GSW @ NOP,W,241,134,14
UTA,10/31/2015,UTA @ IND,W,240,97,21
MEM,10/31/2015,MEM vs. BKN,W,240,101,10
SAC,10/31/2015,SAC @ LAC,L,239,109,-5
PHX,10/31/2015,PHX @ POR,W,240,101,11
WAS,10/31/2015,WAS vs. NYK,L,240,110,-7
NYK,10/31/2015,NYK @ WAS,W,240,117,7
IND,10/31/2015,IND vs. UTA,L,240,76,-21
NOP,10/31/2015,NOP vs. GSW,L,238,120,-14
POR,10/31/2015,POR vs. PHX,L,239,90,-11
BKN,10/31/2015,BKN @ MEM,L,240,91,-10
DAL,11/01/2015,DAL @ LAL,W,240,103,10
BOS,11/01/2015,BOS vs. SAS,L,241,87,-8
LAL,11/01/2015,LAL vs. DAL,L,239,93,-10
DEN,11/01/2015,DEN @ OKC,L,239,93,-24
OKC,11/01/2015,OKC vs. DEN,W,240,117,24
TOR,11/01/2015,TOR vs. MIL,W,238,106,19
ATL,11/01/2015,ATL @ CHA,W,240,94,2
HOU,11/01/2015,HOU @ MIA,L,239,89,-20
CHI,11/01/2015,CHI vs. ORL,W,240,92,5
ORL,11/01/2015,ORL @ CHI,L,240,87,-5
CHA,11/01/2015,CHA vs. ATL,L,238,92,-2
SAS,11/01/2015,SAS @ BOS,W,241,95,8
MIA,11/01/2015,MIA vs. HOU,W,241,109,20
MIL,11/01/2015,MIL @ TOR,L,241,87,-19
CLE,11/02/2015,CLE @ PHI,W,240,107,7
SAS,11/02/2015,SAS @ NYK,W,237,94,10
MEM,11/02/2015,MEM @ GSW,L,240,69,-50
PHI,11/02/2015,PHI vs. CLE,L,239,100,-7
OKC,11/02/2015,OKC @ HOU,L,239,105,-5
MIN,11/02/2015,MIN vs. POR,L,239,101,-5
PHX,11/02/2015,PHX @ LAC,L,241,96,-6
BKN,11/02/2015,BKN vs. MIL,L,240,96,-9
NYK,11/02/2015,NYK vs. SAS,L,238,84,-10
HOU,11/02/2015,HOU vs. OKC,W,240,110,5
MIL,11/02/2015,MIL @ BKN,W,240,103,9
POR,11/02/2015,POR @ MIN,W,239,106,5
LAC,11/02/2015,LAC vs. PHX,W,240,102,6
GSW,11/02/2015,GSW vs. MEM,W,238,119,50
NOP,11/03/2015,NOP vs. ORL,L,240,94,-9
LAL,11/03/2015,LAL vs. DEN,L,238,109,-11
MIA,11/03/2015,MIA vs. ATL,L,240,92,-6
DEN,11/03/2015,DEN @ LAL,W,240,120,11
CHA,11/03/2015,CHA vs. CHI,W,241,130,25
CHI,11/03/2015,CHI @ CHA,L,240,105,-25
IND,11/03/2015,IND @ DET,W,238,94,12
SAC,11/03/2015,SAC vs. MEM,L,239,89,-14
MEM,11/03/2015,MEM @ SAC,W,241,103,14
DAL,11/03/2015,DAL vs. TOR,L,240,91,-11
ATL,11/03/2015,ATL @ MIA,W,239,98,6
ORL,11/03/2015,ORL @ NOP,W,239,103,9
TOR,11/03/2015,TOR @ DAL,W,241,102,11
DET,11/03/2015,DET vs. IND,L,241,82,-12
MIL,11/04/2015,MIL vs. PHI,W,240,91,4
CLE,11/04/2015,CLE vs. NYK,W,239,96,10
UTA,11/04/2015,UTA vs. POR,L,239,92,-16
BKN,11/04/2015,BKN @ ATL,L,240,87,-14
ORL,11/04/2015,ORL @ HOU,L,265,114,-5
GSW,11/04/2015,GSW vs. LAC,W,240,112,4
SAC,11/04/2015,SAC @ PHX,L,238,97,-21
LAC,11/04/2015,LAC @ GSW,L,240,108,-4
POR,11/04/2015,POR @ UTA,W,239,108,16
OKC,11/04/2015,OKC vs. TOR,L,241,98,-5
HOU,11/04/2015,HOU vs. ORL,W,264,119,5
IND,11/04/2015,IND vs. BOS,W,239,100,2
SAS,11/04/2015,SAS @ WAS,L,240,99,-3
WAS,11/04/2015,WAS vs. SAS,W,240,102,3
BOS,11/04/2015,BOS @ IND,L,240,98,-2
TOR,11/04/2015,TOR @ OKC,W,240,103,5
NYK,11/04/2015,NYK @ CLE,L,241,86,-10
PHX,11/04/2015,PHX vs. SAC,W,242,118,21
ATL,11/04/2015,ATL vs. BKN,W,241,101,14
PHI,11/04/2015,PHI @ MIL,L,242,87,-4
OKC,11/05/2015,OKC @ CHI,L,241,98,-6
MEM,11/05/2015,MEM @ POR,L,241,96,-19
UTA,11/05/2015,UTA @ DEN,W,239,96,12
MIN,11/05/2015,MIN vs. MIA,L,240,84,-12
DEN,11/05/2015,DEN vs. UTA,L,241,84,-12
CHA,11/05/2015,CHA @ DAL,W,240,108,14
MIA,11/05/2015,MIA @ MIN,W,239,96,12
DAL,11/05/2015,DAL vs. CHA,L,241,94,-14
POR,11/05/2015,POR vs. MEM,W,241,115,19
CHI,11/05/2015,CHI vs. OKC,W,240,104,6
NOP,11/06/2015,NOP vs. ATL,L,240,115,-6
PHI,11/06/2015,PHI @ CLE,L,242,102,-6
BKN,11/06/2015,BKN vs. LAL,L,240,98,-6
CLE,11/06/2015,CLE vs. PHI,W,241,108,6
ATL,11/06/2015,ATL @ NOP,W,240,121,6
HOU,11/06/2015,HOU @ SAC,W,240,116,6
DEN,11/06/2015,DEN @ GSW,L,238,104,-15
IND,11/06/2015,IND vs. MIA,W,240,90,3
TOR,11/06/2015,TOR @ ORL,L,241,87,-5
WAS,11/06/2015,WAS @ BOS,L,242,98,-20
LAL,11/06/2015,LAL @ BKN,W,241,104,6
GSW,11/06/2015,GSW vs. DEN,W,242,119,15
MIA,11/06/2015,MIA @ IND,L,241,87,-3
ORL,11/06/2015,ORL vs. TOR,W,240,92,5
PHX,11/06/2015,PHX vs. DET,L,240,92,-8
NYK,11/06/2015,NYK vs. MIL,L,240,92,-7
SAC,11/06/2015,SAC vs. HOU,L,240,110,-6
DET,11/06/2015,DET @ PHX,W,239,100,8
BOS,11/06/2015,BOS vs. WAS,W,242,118,20
MIL,11/06/2015,MIL @ NYK,W,241,99,7
MIN,11/07/2015,MIN @ CHI,W,265,102,9
ATL,11/07/2015,ATL vs. WAS,W,240,114,15
ORL,11/07/2015,ORL @ PHI,W,240,105,10
NOP,11/07/2015,NOP @ DAL,L,239,98,-9
SAS,11/07/2015,SAS vs. CHA,W,240,114,20
WAS,11/07/2015,WAS @ ATL,L,240,99,-15
HOU,11/07/2015,HOU @ LAC,W,240,109,4
CHI,11/07/2015,CHI vs. MIN,L,265,93,-9
GSW,11/07/2015,GSW @ SAC,W,241,103,9
UTA,11/07/2015,UTA vs. MEM,W,240,89,10
SAC,11/07/2015,SAC vs. GSW,L,240,94,-9
DAL,11/07/2015,DAL vs. NOP,W,241,107,9
BKN,11/07/2015,BKN @ MIL,L,240,86,-8
MEM,11/07/2015,MEM @ UTA,L,241,79,-10
PHI,11/07/2015,PHI vs. ORL,L,238,97,-10
LAC,11/07/2015,LAC vs. HOU,L,239,105,-4
CHA,11/07/2015,CHA @ SAS,L,239,94,-20
MIL,11/07/2015,MIL vs. BKN,W,240,94,8
OKC,11/08/2015,OKC vs. PHX,W,241,124,21
POR,11/08/2015,POR vs. DET,L,240,103,-17
TOR,11/08/2015,TOR @ MIA,L,240,76,-20
LAL,11/08/2015,LAL @ NYK,L,240,95,-4
DET,11/08/2015,DET @ POR,W,240,120,17
PHX,11/08/2015,PHX @ OKC,L,239,103,-21
MIA,11/08/2015,MIA vs. TOR,W,239,96,20
CLE,11/08/2015,CLE vs. IND,W,240,101,4
IND,11/08/2015,IND @ CLE,L,239,97,-4
NYK,11/08/2015,NYK vs. LAL,W,239,99,4
ORL,11/09/2015,ORL @ IND,L,240,84,-13
DET,11/09/2015,DET @ GSW,L,240,95,-14
ATL,11/09/2015,ATL vs. MIN,L,239,107,-10
SAC,11/09/2015,SAC vs. SAS,L,239,88,-18
CHI,11/09/2015,CHI @ PHI,W,240,111,23
LAC,11/09/2015,LAC vs. MEM,W,241,94,2
MEM,11/09/2015,MEM @ LAC,L,240,92,-2
MIN,11/09/2015,MIN @ ATL,W,240,117,10
IND,11/09/2015,IND vs. ORL,W,239,97,13
POR,11/09/2015,POR @ DEN,L,240,104,-4
SAS,11/09/2015,SAS @ SAC,W,239,106,18
GSW,11/09/2015,GSW vs. DET,W,239,109,14
PHI,11/09/2015,PHI vs. CHI,L,240,88,-23
DEN,11/09/2015,DEN vs. POR,W,241,108,4
DAL,11/10/2015,DAL @ NOP,L,240,105,-15
MIL,11/10/2015,MIL vs. BOS,L,240,83,-16
OKC,11/10/2015,OKC @ WAS,W,240,125,24
MIN,11/10/2015,MIN vs. CHA,L,242,95,-9
NYK,11/10/2015,NYK @ TOR,W,239,111,2
CHA,11/10/2015,CHA @ MIN,W,240,104,9
WAS,11/10/2015,WAS vs. OKC,L,240,101,-24
NOP,11/10/2015,NOP vs. DAL,W,238,120,15
CLE,11/10/2015,CLE vs. UTA,W,241,118,4
TOR,11/10/2015,TOR vs. NYK,L,240,109,-2
MIA,11/10/2015,MIA vs. LAL,W,240,101,13
BOS,11/10/2015,BOS @ MIL,W,240,99,16
LAL,11/10/2015,LAL @ MIA,L,240,88,-13
UTA,11/10/2015,UTA @ CLE,L,239,114,-4
HOU,11/11/2015,HOU vs. BKN,L,240,98,-8
POR,11/11/2015,POR vs. SAS,L,241,101,-12
CHA,11/11/2015,CHA vs. NYK,W,240,95,2
TOR,11/11/2015,TOR @ PHI,W,241,119,16
MIL,11/11/2015,MIL @ DEN,L,239,102,-1
ORL,11/11/2015,ORL vs. LAL,W,241,101,2
SAC,11/11/2015,SAC vs. DET,W,240,101,9
DAL,11/11/2015,DAL vs. LAC,W,240,118,9.8
DEN,11/11/2015,DEN vs. MIL,W,239,103,1
LAL,11/11/2015,LAL @ ORL,L,240,99,-2
MEM,11/11/2015,MEM vs. GSW,L,240,84,-16
NYK,11/11/2015,NYK @ CHA,L,240,93,-2
GSW,11/11/2015,GSW @ MEM,W,241,100,16
IND,11/11/2015,IND @ BOS,W,241,102,11
PHI,11/11/2015,PHI vs. TOR,L,242,103,-16
BKN,11/11/2015,BKN @ HOU,W,241,106,8
DET,11/11/2015,DET @ SAC,L,240,92,-9
NOP,11/11/2015,NOP @ ATL,L,242,98,-8
LAC,11/11/2015,LAC @ DAL,L,242,108,-10
ATL,11/11/2015,ATL vs. NOP,W,241,106,8
BOS,11/11/2015,BOS vs. IND,L,240,91,-11
SAS,11/11/2015,SAS @ POR,W,241,113,12
LAC,11/12/2015,LAC @ PHX,L,240,104,-14
GSW,11/12/2015,GSW @ MIN,W,240,129,13
MIN,11/12/2015,MIN vs. GSW,L,240,116,-13
MIA,11/12/2015,MIA vs. UTA,W,239,92,1
UTA,11/12/2015,UTA @ MIA,L,241,91,-1
PHX,11/12/2015,PHX vs. LAC,W,238,118,14
HOU,11/13/2015,HOU @ DEN,L,241,98,-9
TOR,11/13/2015,TOR vs. NOP,W,239,100,19
UTA,11/13/2015,UTA @ ORL,L,241,93,-9
DEN,11/13/2015,DEN vs. HOU,W,240,107,9
SAC,11/13/2015,SAC vs. BKN,W,240,111,2
ORL,11/13/2015,ORL vs. UTA,W,240,102,9
DAL,11/13/2015,DAL vs. LAL,W,240,90,8
OKC,11/13/2015,OKC vs. PHI,W,240,102,17
BKN,11/13/2015,BKN @ SAC,L,240,109,-2
PHI,11/13/2015,PHI @ OKC,L,242,85,-17
MEM,11/13/2015,MEM vs. POR,W,240,101,1
NYK,11/13/2015,NYK vs. CLE,L,240,84,-6
CLE,11/13/2015,CLE @ NYK,W,240,90,6
NOP,11/13/2015,NOP @ TOR,L,239,81,-19
POR,11/13/2015,POR @ MEM,L,240,100,-1
ATL,11/13/2015,ATL @ BOS,L,240,93,-13
CHI,11/13/2015,CHI vs. CHA,W,241,102,5
CHA,11/13/2015,CHA @ CHI,L,241,97,-5
LAL,11/13/2015,LAL @ DAL,L,239,82,-8
BOS,11/13/2015,BOS vs. ATL,W,240,106,13
IND,11/13/2015,IND vs. MIN,W,240,107,4
MIN,11/13/2015,MIN @ IND,L,241,103,-4
LAC,11/14/2015,LAC vs. DET,W,241,101,5
DET,11/14/2015,DET @ LAC,L,239,96,-5
PHI,11/14/2015,PHI @ SAS,L,240,83,-9
PHX,11/14/2015,PHX vs. DEN,W,239,105,24
CLE,11/14/2015,CLE @ MIL,L,291,105,-3
GSW,11/14/2015,GSW vs. BKN,W,265,107,8
ORL,11/14/2015,ORL @ WAS,L,240,99,-9
MIL,11/14/2015,MIL vs. CLE,W,291,108,3
DAL,11/14/2015,DAL @ HOU,W,239,110,12
DEN,11/14/2015,DEN @ PHX,L,240,81,-24
SAS,11/14/2015,SAS vs. PHI,W,237,92,9
WAS,11/14/2015,WAS vs. ORL,W,241,108,9
BKN,11/14/2015,BKN @ GSW,L,265,99,-8
HOU,11/14/2015,HOU vs. DAL,L,240,98,-12
ATL,11/15/2015,ATL vs. UTA,L,241,96,-1
BOS,11/15/2015,BOS @ OKC,W,241,100,15
MIN,11/15/2015,MIN vs. MEM,L,241,106,-8
DET,11/15/2015,DET @ LAL,L,240,85,-12
POR,11/15/2015,POR @ CHA,L,240,94,-12
OKC,11/15/2015,OKC vs. BOS,L,240,85,-15
NYK,11/15/2015,NYK vs. NOP,W,240,95,8
CHA,11/15/2015,CHA vs. POR,W,238,106,12
LAL,11/15/2015,LAL vs. DET,W,240,97,12
UTA,11/15/2015,UTA @ ATL,W,239,97,1
NOP,11/15/2015,NOP @ NYK,L,241,87,-8
MEM,11/15/2015,MEM @ MIN,W,240,114,8
TOR,11/15/2015,TOR @ SAC,L,241,101,-6
SAC,11/15/2015,SAC vs. TOR,W,239,107,6
LAL,11/16/2015,LAL @ PHX,L,240,101,-19
BOS,11/16/2015,BOS @ HOU,W,240,111,16
HOU,11/16/2015,HOU vs. BOS,L,241,95,-16
CHI,11/16/2015,CHI vs. IND,W,240,96,1
IND,11/16/2015,IND @ CHI,L,240,95,-1
PHX,11/16/2015,PHX vs. LAL,W,240,120,19
PHI,11/16/2015,PHI vs. DAL,L,239,86,-6
DAL,11/16/2015,DAL @ PHI,W,241,92,6
POR,11/16/2015,POR @ SAS,L,240,80,-13
MEM,11/16/2015,MEM vs. OKC,W,238,122,8
SAS,11/16/2015,SAS vs. POR,W,241,93,13
OKC,11/16/2015,OKC @ MEM,L,242,114,-8
TOR,11/17/2015,TOR @ GSW,L,240,110,-5
DET,11/17/2015,DET vs. CLE,W,239,104,5
CLE,11/17/2015,CLE @ DET,L,239,99,-5
WAS,11/17/2015,WAS vs. MIL,W,240,115,29
BKN,11/17/2015,BKN vs. ATL,W,240,90,2
CHA,11/17/2015,CHA @ NYK,L,239,94,-8
MIA,11/17/2015,MIA vs. MIN,L,240,91,-12
MIL,11/17/2015,MIL @ WAS,L,241,86,-29
MIN,11/17/2015,MIN @ MIA,W,240,103,12
ATL,11/17/2015,ATL @ BKN,L,240,88,-2
NOP,11/17/2015,NOP vs. DEN,L,240,98,-17
NYK,11/17/2015,NYK vs. CHA,W,241,102,8
DEN,11/17/2015,DEN @ NOP,W,240,115,17
GSW,11/17/2015,GSW vs. TOR,W,239,115,5
MIN,11/18/2015,MIN @ ORL,L,264,101,-3
BKN,11/18/2015,BKN @ CHA,L,241,111,-5
ORL,11/18/2015,ORL vs. MIN,W,265,104,3
OKC,11/18/2015,OKC vs. NOP,W,240,110,7
IND,11/18/2015,IND @ PHI,W,241,112,27
PHI,11/18/2015,PHI vs. IND,L,241,85,-27
ATL,11/18/2015,ATL vs. SAC,W,241,103,6
HOU,11/18/2015,HOU vs. POR,W,264,108,5
TOR,11/18/2015,TOR @ UTA,L,241,89,-4
SAC,11/18/2015,SAC @ ATL,L,239,97,-6
DEN,11/18/2015,DEN @ SAS,L,240,98,-11
SAS,11/18/2015,SAS vs. DEN,W,241,109,11
POR,11/18/2015,POR @ HOU,L,265,103,-5
DAL,11/18/2015,DAL @ BOS,W,240,106,4
PHX,11/18/2015,PHX vs. CHI,L,240,97,-6
UTA,11/18/2015,UTA vs. TOR,W,241,93,4
NOP,11/18/2015,NOP @ OKC,L,241,103,-7
BOS,11/18/2015,BOS vs. DAL,L,240,102,-4
CHI,11/18/2015,CHI @ PHX,W,240,103,6
CHA,11/18/2015,CHA vs. BKN,W,241,116,5
MIL,11/19/2015,MIL @ CLE,L,241,100,-15
SAC,11/19/2015,SAC @ MIA,L,240,109,-7
GSW,11/19/2015,GSW @ LAC,W,240,124,7
LAC,11/19/2015,LAC vs. GSW,L,240,117,-7
MIA,11/19/2015,MIA vs. SAC,W,240,116,7
CLE,11/19/2015,CLE vs. MIL,W,239,115,15
CHI,11/20/2015,CHI @ GSW,L,239,94,-12
LAC,11/20/2015,LAC @ POR,L,240,91,-11
MEM,11/20/2015,MEM vs. HOU,W,241,96,12
PHX,11/20/2015,PHX @ DEN,W,239,114,7
PHI,11/20/2015,PHI @ CHA,L,241,88,-25
MIN,11/20/2015,MIN vs. DET,L,239,86,-10
DAL,11/20/2015,DAL vs. UTA,W,240,102,9
BOS,11/20/2015,BOS vs. BKN,W,239,120,25
NOP,11/20/2015,NOP vs. SAS,W,239,104,14
SAS,11/20/2015,SAS @ NOP,L,241,90,-14
LAL,11/20/2015,LAL vs. TOR,L,240,91,-11
UTA,11/20/2015,UTA @ DAL,L,240,93,-9
BKN,11/20/2015,BKN @ BOS,L,241,95,-25
HOU,11/20/2015,HOU @ MEM,L,241,84,-12
DEN,11/20/2015,DEN vs. PHX,L,241,107,-7
CHA,11/20/2015,CHA vs. PHI,W,239,113,25
POR,11/20/2015,POR vs. LAC,W,241,102,11
OKC,11/20/2015,OKC vs. NYK,L,240,90,-3
GSW,11/20/2015,GSW vs. CHI,W,240,106,12
DET,11/20/2015,DET @ MIN,W,239,96,10
TOR,11/20/2015,TOR @ LAL,W,241,102,11
NYK,11/20/2015,NYK @ OKC,W,241,93,3
MIL,11/21/2015,MIL @ IND,L,239,86,-37
HOU,11/21/2015,HOU vs. NYK,L,240,102,-5
SAS,11/21/2015,SAS vs. MEM,W,240,92,10
ORL,11/21/2015,ORL vs. SAC,L,241,91,-6
IND,11/21/2015,IND vs. MIL,W,241,123,37
DET,11/21/2015,DET vs. WAS,L,240,95,-2
ATL,11/21/2015,ATL @ CLE,L,241,97,-12
WAS,11/21/2015,WAS @ DET,W,240,97,2
CLE,11/21/2015,CLE vs. ATL,W,240,109,12
NYK,11/21/2015,NYK @ HOU,W,241,107,5
PHI,11/21/2015,PHI @ MIA,L,240,91,-5
MEM,11/21/2015,MEM @ SAS,L,240,82,-10
SAC,11/21/2015,SAC @ ORL,W,240,97,6
MIA,11/21/2015,MIA vs. PHI,W,238,96,5
BKN,11/22/2015,BKN vs. BOS,W,240,111,10
LAL,11/22/2015,LAL vs. POR,L,240,93,-14
PHX,11/22/2015,PHX @ NOP,L,239,116,-6
TOR,11/22/2015,TOR @ LAC,W,240,91,11
GSW,11/22/2015,GSW @ DEN,W,241,118,13
DAL,11/22/2015,DAL @ OKC,L,240,114,-3
NOP,11/22/2015,NOP vs. PHX,W,239,122,6
BOS,11/22/2015,BOS @ BKN,L,241,101,-10
OKC,11/22/2015,OKC vs. DAL,W,241,117,3
LAC,11/22/2015,LAC vs. TOR,L,239,80,-11
DEN,11/22/2015,DEN vs. GSW,L,239,105,-13
POR,11/22/2015,POR @ LAL,W,241,107,14
UTA,11/23/2015,UTA vs. OKC,L,241,89,-22
NYK,11/23/2015,NYK @ MIA,L,239,78,-17
CHA,11/23/2015,CHA vs. SAC,W,265,127,5
SAS,11/23/2015,SAS vs. PHX,W,239,98,14
ORL,11/23/2015,ORL @ CLE,L,240,103,-14
DET,11/23/2015,DET @ MIL,L,241,88,-21
CLE,11/23/2015,CLE vs. ORL,W,240,117,14
MIA,11/23/2015,MIA vs. NYK,W,241,95,17
PHX,11/23/2015,PHX @ SAS,L,239,84,-14
MIN,11/23/2015,MIN vs. PHI,W,241,100,5
MIL,11/23/2015,MIL vs. DET,W,238,109,21
OKC,11/23/2015,OKC @ UTA,W,240,111,22
SAC,11/23/2015,SAC @ CHA,L,264,122,-5
PHI,11/23/2015,PHI @ MIN,L,241,95,-5
MEM,11/24/2015,MEM vs. DAL,W,240,110,14
DEN,11/24/2015,DEN vs. LAC,L,241,94,-17
CHI,11/24/2015,CHI @ POR,W,240,93,5
IND,11/24/2015,IND @ WAS,W,240,123,17
LAC,11/24/2015,LAC @ DEN,W,240,111,17
POR,11/24/2015,POR vs. CHI,L,240,88,-5
WAS,11/24/2015,WAS vs. IND,L,242,106,-17
GSW,11/24/2015,GSW vs. LAL,W,240,111,34
ATL,11/24/2015,ATL vs. BOS,W,240,121,24
DAL,11/24/2015,DAL @ MEM,L,240,96,-14
LAL,11/24/2015,LAL @ GSW,L,241,77,-34
BOS,11/24/2015,BOS @ ATL,L,240,97,-24
MIN,11/25/2015,MIN vs. ATL,W,240,99,4
BOS,11/25/2015,BOS vs. PHI,W,239,84,4
DET,11/25/2015,DET vs. MIA,W,241,104,23
CLE,11/25/2015,CLE @ TOR,L,240,99,-4
MIL,11/25/2015,MIL vs. SAC,L,240,118,-11
CHA,11/25/2015,CHA vs. WAS,W,240,101,14
SAC,11/25/2015,SAC @ MIL,W,240,129,11
NOP,11/25/2015,NOP @ PHX,W,240,120,6
DAL,11/25/2015,DAL @ SAS,L,240,83,-5
LAC,11/25/2015,LAC vs. UTA,L,242,91,-11
ORL,11/25/2015,ORL vs. NYK,W,240,100,9
PHI,11/25/2015,PHI @ BOS,L,239,80,-4
UTA,11/25/2015,UTA @ LAC,W,241,102,11
ATL,11/25/2015,ATL @ MIN,L,241,95,-4
MEM,11/25/2015,MEM @ HOU,W,240,102,9
OKC,11/25/2015,OKC vs. BKN,W,240,110,11
NYK,11/25/2015,NYK @ ORL,L,239,91,-9
PHX,11/25/2015,PHX vs. NOP,L,239,114,-6
TOR,11/25/2015,TOR vs. CLE,W,240,103,4
HOU,11/25/2015,HOU vs. MEM,L,240,93,-9
WAS,11/25/2015,WAS @ CHA,L,240,87,-14
BKN,11/25/2015,BKN @ OKC,L,241,99,-11
MIA,11/25/2015,MIA @ DET,L,239,81,-23
SAS,11/25/2015,SAS vs. DAL,W,241,88,5
LAC,11/27/2015,LAC vs. NOP,W,242,111,21
MIN,11/27/2015,MIN @ SAC,W,241,101,10
NYK,11/27/2015,NYK vs. MIA,L,241,78,-19
CLE,11/27/2015,CLE @ CHA,W,239,95,5
PHX,11/27/2015,PHX vs. GSW,L,240,116,-19
MIL,11/27/2015,MIL @ ORL,L,240,90,-24
MIA,11/27/2015,MIA @ NYK,W,240,97,19
DEN,11/27/2015,DEN vs. SAS,L,239,80,-11
GSW,11/27/2015,GSW @ PHX,W,240,135,19
PHI,11/27/2015,PHI @ HOU,L,241,114,-2
SAC,11/27/2015,SAC vs. MIN,L,240,91,-10
IND,11/27/2015,IND vs. CHI,W,242,104,12
ATL,11/27/2015,ATL @ MEM,W,239,116,15
WAS,11/27/2015,WAS @ BOS,L,239,78,-33
CHA,11/27/2015,CHA vs. CLE,L,240,90,-5
CHI,11/27/2015,CHI @ IND,L,240,92,-12
BOS,11/27/2015,BOS vs. WAS,W,240,111,33
MEM,11/27/2015,MEM vs. ATL,L,240,101,-15
ORL,11/27/2015,ORL vs. MIL,W,240,114,24
DET,11/27/2015,DET @ OKC,L,240,87,-16
OKC,11/27/2015,OKC vs. DET,W,241,103,16
HOU,11/27/2015,HOU vs. PHI,W,240,116,2
NOP,11/27/2015,NOP @ LAC,L,240,90,-21
SAS,11/27/2015,SAS @ DEN,W,241,91,11
BKN,11/28/2015,BKN @ CLE,L,240,88,-2
WAS,11/28/2015,WAS vs. TOR,L,240,82,-2
GSW,11/28/2015,GSW vs. SAC,W,241,120,19
CLE,11/28/2015,CLE vs. BKN,W,240,90,2
NOP,11/28/2015,NOP @ UTA,L,239,87,-14
ATL,11/28/2015,ATL @ SAS,L,239,88,-20
LAL,11/28/2015,LAL @ POR,L,239,96,-12
SAC,11/28/2015,SAC @ GSW,L,239,101,-19
POR,11/28/2015,POR vs. LAL,W,242,108,12
UTA,11/28/2015,UTA vs. NOP,W,241,101,14
DEN,11/28/2015,DEN @ DAL,L,239,81,-11
TOR,11/28/2015,TOR @ WAS,W,240,84,2
DAL,11/28/2015,DAL vs. DEN,W,240,92,11
SAS,11/28/2015,SAS vs. ATL,W,240,108,20
PHI,11/29/2015,PHI @ MEM,L,240,84,-8
DET,11/29/2015,DET @ BKN,L,240,83,-4
NYK,11/29/2015,NYK vs. HOU,L,266,111,-5
MIN,11/29/2015,MIN @ LAC,L,240,99,-8
BOS,11/29/2015,BOS @ ORL,L,240,91,-19
BKN,11/29/2015,BKN vs. DET,W,241,87,4
LAC,11/29/2015,LAC vs. MIN,W,239,107,8
PHX,11/29/2015,PHX @ TOR,W,241,107,5
LAL,11/29/2015,LAL vs. IND,L,240,103,-4
CHA,11/29/2015,CHA vs. MIL,W,240,87,5
HOU,11/29/2015,HOU @ NYK,W,264,116,5
ORL,11/29/2015,ORL vs. BOS,W,238,110,19
MIL,11/29/2015,MIL @ CHA,L,240,82,-5
MEM,11/29/2015,MEM vs. PHI,W,240,92,8
TOR,11/29/2015,TOR vs. PHX,L,240,102,-5
IND,11/29/2015,IND @ LAL,W,239,107,4
SAC,11/30/2015,SAC vs. DAL,W,241,112,14
POR,11/30/2015,POR @ LAC,L,239,87,-15
DEN,11/30/2015,DEN @ MIL,L,241,74,-18
LAC,11/30/2015,LAC vs. POR,W,241,102,15
ATL,11/30/2015,ATL vs. OKC,W,241,106,6
GSW,11/30/2015,GSW @ UTA,W,239,106,3
CHI,11/30/2015,CHI vs. SAS,W,240,92,3
BOS,11/30/2015,BOS @ MIA,W,241,105,10
OKC,11/30/2015,OKC @ ATL,L,240,100,-6
SAS,11/30/2015,SAS @ CHI,L,240,89,-3
UTA,11/30/2015,UTA vs. GSW,L,240,103,-3
HOU,11/30/2015,HOU @ DET,L,240,105,-11
MIA,11/30/2015,MIA vs. BOS,L,240,95,-10
DAL,11/30/2015,DAL @ SAC,L,240,98,-14
DET,11/30/2015,DET vs. HOU,W,242,116,11
MIL,11/30/2015,MIL vs. DEN,W,242,92,18
PHI,12/01/2015,PHI vs. LAL,W,241,103,12
MEM,12/01/2015,MEM @ NOP,W,240,113,9
PHX,12/01/2015,PHX @ BKN,L,241,91,-3
WAS,12/01/2015,WAS @ CLE,W,242,97,12
BKN,12/01/2015,BKN vs. PHX,W,240,94,3
LAL,12/01/2015,LAL @ PHI,L,240,91,-12
ORL,12/01/2015,ORL @ MIN,W,240,96,3
MIN,12/01/2015,MIN vs. ORL,L,240,93,-3
DAL,12/01/2015,DAL @ POR,W,267,115,3
NOP,12/01/2015,NOP vs. MEM,L,240,104,-9
POR,12/01/2015,POR vs. DAL,L,266,112,-3
CLE,12/01/2015,CLE vs. WAS,L,239,85,-12
SAS,12/02/2015,SAS vs. MIL,W,240,95,25
WAS,12/02/2015,WAS vs. LAL,L,240,104,-4
DEN,12/02/2015,DEN @ CHI,L,240,90,-9
CHI,12/02/2015,CHI vs. DEN,W,240,99,9
HOU,12/02/2015,HOU vs. NOP,W,240,108,7
TOR,12/02/2015,TOR @ ATL,W,241,96,10
LAC,12/02/2015,LAC vs. IND,L,238,91,-12
CHA,12/02/2015,CHA vs. GSW,L,240,99,-17
LAL,12/02/2015,LAL @ WAS,W,240,108,4
ATL,12/02/2015,ATL vs. TOR,L,240,86,-10
NYK,12/02/2015,NYK vs. PHI,W,241,99,12
MIL,12/02/2015,MIL @ SAS,L,239,70,-25
NOP,12/02/2015,NOP @ HOU,L,238,101,-7
PHX,12/02/2015,PHX @ DET,L,266,122,-5
DET,12/02/2015,DET vs. PHX,W,265,127,5
PHI,12/02/2015,PHI @ NYK,L,239,87,-12
IND,12/02/2015,IND @ LAC,W,240,103,12
GSW,12/02/2015,GSW @ CHA,W,239,116,17
DEN,12/03/2015,DEN @ TOR,W,240,106,1
UTA,12/03/2015,UTA vs. ORL,L,241,94,-9
ORL,12/03/2015,ORL @ UTA,W,240,103,9
SAC,12/03/2015,SAC vs. BOS,L,240,97,-17
MIA,12/03/2015,MIA vs. OKC,W,240,97,2
POR,12/03/2015,POR vs. IND,W,241,123,12
OKC,12/03/2015,OKC @ MIA,L,238,95,-2
MEM,12/03/2015,MEM vs. SAS,L,240,83,-20
BOS,12/03/2015,BOS @ SAC,W,241,114,17
IND,12/03/2015,IND @ POR,L,240,111,-12
TOR,12/03/2015,TOR vs. DEN,L,240,105,-1
SAS,12/03/2015,SAS @ MEM,W,240,103,20
NYK,12/04/2015,NYK vs. BKN,W,240,108,17
PHX,12/04/2015,PHX @ WAS,L,240,106,-3
CLE,12/04/2015,CLE @ NOP,L,266,108,-6
WAS,12/04/2015,WAS vs. PHX,W,239,109,3
DAL,12/04/2015,DAL vs. HOU,L,239,96,-4
NOP,12/04/2015,NOP vs. CLE,W,265,114,6
DET,12/04/2015,DET vs. MIL,W,239,102,7
LAL,12/04/2015,LAL @ ATL,L,240,87,-13
HOU,12/04/2015,HOU @ DAL,W,240,100,4
ATL,12/04/2015,ATL vs. LAL,W,240,100,13
BKN,12/04/2015,BKN @ NYK,L,243,91,-17
MIL,12/04/2015,MIL @ DET,L,242,95,-7
CHA,12/05/2015,CHA @ CHI,W,241,102,6
NYK,12/05/2015,NYK @ MIL,L,242,91,-15
MIN,12/05/2015,MIN vs. POR,L,240,103,-6
GSW,12/05/2015,GSW @ TOR,W,239,112,3
DEN,12/05/2015,DEN @ PHI,W,240,108,3
LAC,12/05/2015,LAC vs. ORL,W,240,103,2
POR,12/05/2015,POR @ MIN,W,239,109,6
CLE,12/05/2015,CLE @ MIA,L,238,84,-15
SAS,12/05/2015,SAS vs. BOS,W,240,108,3
UTA,12/05/2015,UTA vs. IND,W,265,122,3
TOR,12/05/2015,TOR vs. GSW,L,239,109,-3
ORL,12/05/2015,ORL @ LAC,L,240,101,-2
MIA,12/05/2015,MIA vs. CLE,W,242,99,15
CHI,12/05/2015,CHI vs. CHA,L,240,96,-6
BOS,12/05/2015,BOS @ SAS,L,240,105,-3
PHI,12/05/2015,PHI vs. DEN,L,239,105,-3
SAC,12/05/2015,SAC @ HOU,L,242,113,-7
HOU,12/05/2015,HOU vs. SAC,W,240,120,7
IND,12/05/2015,IND @ UTA,L,266,119,-3
MIL,12/05/2015,MIL vs. NYK,W,240,106,15
DAL,12/06/2015,DAL @ WAS,W,238,116,12
WAS,12/06/2015,WAS vs. DAL,L,240,104,-12
DET,12/06/2015,DET vs. LAL,W,240,111,22
SAC,12/06/2015,SAC @ OKC,L,240,95,-3
MEM,12/06/2015,MEM vs. PHX,W,240,95,2
GSW,12/06/2015,GSW @ BKN,W,241,114,16
LAL,12/06/2015,LAL @ DET,L,240,91,-22
OKC,12/06/2015,OKC vs. SAC,W,241,98,3
PHX,12/06/2015,PHX @ MEM,L,239,93,-2
BKN,12/06/2015,BKN vs. GSW,L,240,98,-16
DET,12/07/2015,DET @ CHA,L,241,84,-20
NYK,12/07/2015,NYK vs. DAL,L,240,97,-7
PHX,12/07/2015,PHX @ CHI,W,240,103,2
WAS,12/07/2015,WAS @ MIA,W,239,114,11
CHI,12/07/2015,CHI vs. PHX,L,240,101,-2
SAS,12/07/2015,SAS @ PHI,W,242,119,51
MIL,12/07/2015,MIL vs. POR,W,240,90,2
DAL,12/07/2015,DAL @ NYK,W,241,104,7
PHI,12/07/2015,PHI vs. SAS,L,242,68,-51
LAL,12/07/2015,LAL @ TOR,L,241,93,-9
NOP,12/07/2015,NOP vs. BOS,L,241,93,-18
LAC,12/07/2015,LAC @ MIN,W,241,110,4
MIA,12/07/2015,MIA vs. WAS,L,240,103,-11
POR,12/07/2015,POR @ MIL,L,239,88,-2
CHA,12/07/2015,CHA vs. DET,W,241,104,20
BOS,12/07/2015,BOS @ NOP,W,240,111,18
TOR,12/07/2015,TOR vs. LAL,W,240,102,9
MIN,12/07/2015,MIN vs. LAC,L,240,106,-4
GSW,12/08/2015,GSW @ IND,W,240,131,8
DEN,12/08/2015,DEN vs. ORL,L,240,74,-11
UTA,12/08/2015,UTA @ SAC,L,240,106,-8
ORL,12/08/2015,ORL @ DEN,W,240,85,11
HOU,12/08/2015,HOU @ BKN,L,240,105,-5
MEM,12/08/2015,MEM vs. OKC,L,240,88,-37
SAC,12/08/2015,SAC vs. UTA,W,239,114,8
BKN,12/08/2015,BKN vs. HOU,W,240,110,5
CLE,12/08/2015,CLE vs. POR,W,240,105,5
OKC,12/08/2015,OKC @ MEM,W,240,125,37
IND,12/08/2015,IND vs. GSW,L,240,123,-8
POR,12/08/2015,POR @ CLE,L,239,100,-5
BOS,12/09/2015,BOS vs. CHI,W,240,105,5
CHA,12/09/2015,CHA vs. MIA,W,241,99,18
DAL,12/09/2015,DAL vs. ATL,L,241,95,-3
LAL,12/09/2015,LAL @ MIN,L,266,122,-1
TOR,12/09/2015,TOR vs. SAS,W,240,97,3
ATL,12/09/2015,ATL @ DAL,W,240,98,3
NYK,12/09/2015,NYK @ UTA,L,241,85,-21
MEM,12/09/2015,MEM @ DET,W,240,93,1
CHI,12/09/2015,CHI @ BOS,L,241,100,-5
HOU,12/09/2015,HOU @ WAS,W,241,109,6
MIA,12/09/2015,MIA @ CHA,L,239,81,-18
PHX,12/09/2015,PHX vs. ORL,W,240,107,3
ORL,12/09/2015,ORL @ PHX,L,241,104,-3
WAS,12/09/2015,WAS vs. HOU,L,238,103,-6
MIN,12/09/2015,MIN vs. LAL,W,265,123,1
SAS,12/09/2015,SAS @ TOR,L,241,94,-3
DET,12/09/2015,DET vs. MEM,L,240,92,-1
LAC,12/09/2015,LAC @ MIL,W,241,109,14
MIL,12/09/2015,MIL vs. LAC,L,239,95,-14
UTA,12/09/2015,UTA vs. NYK,W,239,106,21
NYK,12/10/2015,NYK @ SAC,L,239,97,-2
CHI,12/10/2015,CHI vs. LAC,W,240,83,3
PHI,12/10/2015,PHI @ BKN,L,239,91,-9
SAC,12/10/2015,SAC vs. NYK,W,241,99,2
OKC,12/10/2015,OKC vs. ATL,W,241,107,13
BKN,12/10/2015,BKN vs. PHI,W,240,100,9
ATL,12/10/2015,ATL @ OKC,L,241,94,-13
LAC,12/10/2015,LAC @ CHI,L,239,80,-3
OKC,12/11/2015,OKC @ UTA,W,240,94,4
POR,12/11/2015,POR @ PHX,W,239,106,10
SAS,12/11/2015,SAS vs. LAL,W,238,109,22
UTA,12/11/2015,UTA vs. OKC,L,239,90,-4
CHA,12/11/2015,CHA @ MEM,W,242,123,24
BOS,12/11/2015,BOS vs. GSW,L,290,119,-5
TOR,12/11/2015,TOR vs. MIL,W,240,90,7
LAL,12/11/2015,LAL @ SAS,L,238,87,-22
PHI,12/11/2015,PHI vs. DET,L,240,95,-12
MEM,12/11/2015,MEM vs. CHA,L,240,99,-24
MIL,12/11/2015,MIL @ TOR,L,240,83,-7
WAS,12/11/2015,WAS @ NOP,L,240,105,-2
IND,12/11/2015,IND vs. MIA,W,240,96,13
NOP,12/11/2015,NOP vs. WAS,W,240,107,2
GSW,12/11/2015,GSW @ BOS,W,290,124,5
DEN,12/11/2015,DEN vs. MIN,W,266,111,3
PHX,12/11/2015,PHX vs. POR,L,240,96,-10
CLE,12/11/2015,CLE @ ORL,W,240,111,35
ORL,12/11/2015,ORL vs. CLE,L,240,76,-35
DET,12/11/2015,DET @ PHI,W,240,107,12
MIN,12/11/2015,MIN @ DEN,L,266,108,-3
MIA,12/11/2015,MIA @ IND,L,239,83,-13
NOP,12/12/2015,NOP @ CHI,L,240,94,-4
ATL,12/12/2015,ATL vs. SAS,L,240,78,-25
LAC,12/12/2015,LAC @ BKN,W,240,105,5
CHI,12/12/2015,CHI vs. NOP,W,241,98,4
NYK,12/12/2015,NYK @ POR,W,239,112,2
DET,12/12/2015,DET vs. IND,W,238,118,22
DAL,12/12/2015,DAL vs. WAS,L,240,111,-3
CHA,12/12/2015,CHA vs. BOS,L,241,93,-5
SAS,12/12/2015,SAS @ ATL,W,240,103,25
WAS,12/12/2015,WAS @ DAL,W,239,114,3
HOU,12/12/2015,HOU vs. LAL,W,239,126,29
LAL,12/12/2015,LAL @ HOU,L,240,97,-29
GSW,12/12/2015,GSW @ MIL,L,239,95,-13
MIL,12/12/2015,MIL vs. GSW,W,239,108,13
BOS,12/12/2015,BOS @ CHA,W,240,98,5
POR,12/12/2015,POR vs. NYK,L,238,110,-2
BKN,12/12/2015,BKN vs. LAC,L,241,100,-5
IND,12/12/2015,IND @ DET,L,240,96,-22
UTA,12/13/2015,UTA @ OKC,L,265,98,-6
PHX,12/13/2015,PHX vs. MIN,W,240,108,7
OKC,12/13/2015,OKC vs. UTA,W,264,104,6
MIA,12/13/2015,MIA vs. MEM,W,241,100,3
PHI,12/13/2015,PHI @ TOR,L,240,76,-20
MIN,12/13/2015,MIN @ PHX,L,240,101,-7
TOR,12/13/2015,TOR vs. PHI,W,242,96,20
MEM,12/13/2015,MEM @ MIA,L,240,97,-3
BKN,12/14/2015,BKN vs. ORL,L,238,82,-23
ORL,12/14/2015,ORL @ BKN,W,240,105,23
UTA,12/14/2015,UTA @ SAS,L,239,81,-37
CHI,12/14/2015,CHI vs. PHI,W,239,115,19
WAS,12/14/2015,WAS @ MEM,L,239,95,-17
SAS,12/14/2015,SAS vs. UTA,W,241,118,37
DET,12/14/2015,DET vs. LAC,L,265,103,-2
ATL,12/14/2015,ATL vs. MIA,L,239,88,-12
NOP,12/14/2015,NOP @ POR,L,238,101,-4
IND,12/14/2015,IND vs. TOR,W,240,106,16
DAL,12/14/2015,DAL vs. PHX,W,239,104,10
POR,12/14/2015,POR vs. NOP,W,239,105,4
MEM,12/14/2015,MEM vs. WAS,W,240,112,17
TOR,12/14/2015,TOR @ IND,L,240,90,-16
HOU,12/14/2015,HOU @ DEN,L,241,108,-6
LAC,12/14/2015,LAC @ DET,W,265,105,2
PHX,12/14/2015,PHX @ DAL,L,240,94,-10
PHI,12/14/2015,PHI @ CHI,L,242,96,-19
MIA,12/14/2015,MIA @ ATL,W,240,100,12
DEN,12/14/2015,DEN vs. HOU,W,240,114,6
MIN,12/15/2015,MIN vs. DEN,L,242,100,-12
SAC,12/15/2015,SAC vs. HOU,W,240,107,10
LAL,12/15/2015,LAL vs. MIL,W,241,113,18
CLE,12/15/2015,CLE @ BOS,W,241,89,12
DEN,12/15/2015,DEN @ MIN,W,241,112,12
MIL,12/15/2015,MIL @ LAL,L,241,95,-18
HOU,12/15/2015,HOU @ SAC,L,237,97,-10
BOS,12/15/2015,BOS vs. CLE,L,240,77,-12
MIA,12/16/2015,MIA @ BKN,W,239,104,6
DET,12/16/2015,DET vs. BOS,W,241,119,3
WAS,12/16/2015,WAS @ SAS,L,240,95,-19
POR,12/16/2015,POR @ OKC,L,241,90,-16
UTA,12/16/2015,UTA vs. NOP,L,240,94,-10
NYK,12/16/2015,NYK vs. MIN,W,241,107,5
LAC,12/16/2015,LAC vs. MIL,W,239,103,13
MEM,12/16/2015,MEM @ CHI,L,240,85,-13
PHX,12/16/2015,PHX @ GSW,L,239,103,-25
GSW,12/16/2015,GSW vs. PHX,W,239,128,25
SAS,12/16/2015,SAS vs. WAS,W,240,114,19
MIL,12/16/2015,MIL @ LAC,L,240,90,-13
IND,12/16/2015,IND vs. DAL,W,239,107,26
OKC,12/16/2015,OKC vs. POR,W,241,106,16
CHA,12/16/2015,CHA @ ORL,L,240,98,-15
CHI,12/16/2015,CHI vs. MEM,W,240,98,13
NOP,12/16/2015,NOP @ UTA,W,240,104,10
ORL,12/16/2015,ORL vs. CHA,W,240,113,15
ATL,12/16/2015,ATL vs. PHI,W,242,127,21
BKN,12/16/2015,BKN vs. MIA,L,241,98,-6
PHI,12/16/2015,PHI @ ATL,L,238,106,-21
DAL,12/16/2015,DAL @ IND,L,241,81,-26
BOS,12/16/2015,BOS @ DET,L,241,116,-3
MIN,12/16/2015,MIN @ NYK,L,239,102,-5
CHA,12/17/2015,CHA vs. TOR,W,263,109,10
OKC,12/17/2015,OKC @ CLE,L,239,100,-4
TOR,12/17/2015,TOR @ CHA,L,265,99,-10
HOU,12/17/2015,HOU @ LAL,W,240,107,20
LAL,12/17/2015,LAL vs. HOU,L,239,87,-20
CLE,12/17/2015,CLE vs. OKC,W,241,104,4
GSW,12/18/2015,GSW vs. MIL,W,239,121,9
TOR,12/18/2015,TOR @ MIA,W,240,108,14
NYK,12/18/2015,NYK @ PHI,W,238,107,10
DAL,12/18/2015,DAL vs. MEM,W,240,97,9
BKN,12/18/2015,BKN @ IND,L,242,97,-7
CHI,12/18/2015,CHI vs. DET,L,340,144,-3
NOP,12/18/2015,NOP @ PHX,L,240,88,-16
IND,12/18/2015,IND vs. BKN,W,240,104,7
SAC,12/18/2015,SAC @ MIN,L,241,95,-4
MIL,12/18/2015,MIL @ GSW,L,240,112,-9
MIN,12/18/2015,MIN vs. SAC,W,240,99,4
DET,12/18/2015,DET @ CHI,W,340,147,3
MEM,12/18/2015,MEM @ DAL,L,241,88,-9
LAC,12/18/2015,LAC @ SAS,L,240,107,-8
SAS,12/18/2015,SAS vs. LAC,W,239,115,8
UTA,12/18/2015,UTA vs. DEN,W,239,97,9
ORL,12/18/2015,ORL vs. POR,W,240,102,8
ATL,12/18/2015,ATL @ BOS,W,240,109,8
PHX,12/18/2015,PHX vs. NOP,W,241,104,16
DEN,12/18/2015,DEN @ UTA,L,240,88,-9
PHI,12/18/2015,PHI vs. NYK,L,240,97,-10
BOS,12/18/2015,BOS vs. ATL,L,240,101,-8
MIA,12/18/2015,MIA vs. TOR,L,238,94,-14
POR,12/18/2015,POR @ ORL,L,240,94,-8
WAS,12/19/2015,WAS vs. CHA,W,239,109,8
LAC,12/19/2015,LAC @ HOU,L,239,97,-10
IND,12/19/2015,IND @ MEM,L,241,84,-12
CHA,12/19/2015,CHA @ WAS,L,241,101,-8
OKC,12/19/2015,OKC vs. LAL,W,242,118,40
MEM,12/19/2015,MEM vs. IND,W,238,96,12
LAL,12/19/2015,LAL @ OKC,L,240,78,-40
CHI,12/19/2015,CHI @ NYK,L,241,91,-16
HOU,12/19/2015,HOU vs. LAC,W,239,107,10
NYK,12/19/2015,NYK vs. CHI,W,239,107,16
POR,12/20/2015,POR @ MIA,L,239,109,-7
BKN,12/20/2015,BKN vs. MIN,L,240,85,-15
ATL,12/20/2015,ATL @ ORL,W,240,103,3
DEN,12/20/2015,DEN vs. NOP,L,240,125,-5
CLE,12/20/2015,CLE vs. PHI,W,242,108,22
ORL,12/20/2015,ORL vs. ATL,L,241,100,-3
PHI,12/20/2015,PHI @ CLE,L,240,86,-22
MIL,12/20/2015,MIL @ PHX,W,240,101,6
MIN,12/20/2015,MIN @ BKN,W,240,100,15
MIA,12/20/2015,MIA vs. POR,W,240,116,7
NOP,12/20/2015,NOP @ DEN,W,242,130,5
SAC,12/20/2015,SAC @ TOR,W,241,104,10
PHX,12/20/2015,PHX vs. MIL,L,241,95,-6
TOR,12/20/2015,TOR vs. SAC,L,240,94,-10
MIN,12/21/2015,MIN @ BOS,L,241,99,-14
LAC,12/21/2015,LAC vs. OKC,L,240,99,-1
WAS,12/21/2015,WAS vs. SAC,W,240,113,14
CHI,12/21/2015,CHI vs. BKN,L,240,102,-3
CHA,12/21/2015,CHA @ HOU,L,240,95,-7
HOU,12/21/2015,HOU vs. CHA,W,241,102,7
UTA,12/21/2015,UTA vs. PHX,W,241,110,21
SAS,12/21/2015,SAS vs. IND,W,240,106,14
BKN,12/21/2015,BKN @ CHI,W,239,105,3
POR,12/21/2015,POR @ ATL,L,241,97,-9
PHX,12/21/2015,PHX @ UTA,L,240,89,-21
NYK,12/21/2015,NYK vs. ORL,L,240,99,-8
IND,12/21/2015,IND @ SAS,L,241,92,-14
ORL,12/21/2015,ORL @ NYK,W,241,107,8
OKC,12/21/2015,OKC @ LAC,W,240,100,1
ATL,12/21/2015,ATL vs. POR,W,240,106,9
SAC,12/21/2015,SAC @ WAS,L,240,99,-14
BOS,12/21/2015,BOS vs. MIN,W,239,113,14
LAL,12/22/2015,LAL @ DEN,W,239,111,4
TOR,12/22/2015,TOR vs. DAL,W,241,103,4
DAL,12/22/2015,DAL @ TOR,L,238,99,-4
MIA,12/22/2015,MIA vs. DET,L,240,92,-1
DET,12/22/2015,DET @ MIA,W,240,93,1
MEM,12/22/2015,MEM @ PHI,W,241,104,14
PHI,12/22/2015,PHI vs. MEM,L,243,90,-14
DEN,12/22/2015,DEN vs. LAL,L,239,107,-4
UTA,12/23/2015,UTA @ GSW,L,239,85,-18
CHA,12/23/2015,CHA vs. BOS,L,240,89,-13
DET,12/23/2015,DET @ ATL,L,241,100,-7
CLE,12/23/2015,CLE vs. NYK,W,241,91,7
DAL,12/23/2015,DAL @ BKN,W,263,119,1
NOP,12/23/2015,NOP vs. POR,W,241,115,26
WAS,12/23/2015,WAS vs. MEM,W,239,100,9
LAL,12/23/2015,LAL vs. OKC,L,241,85,-35
DEN,12/23/2015,DEN @ PHX,W,241,104,8
GSW,12/23/2015,GSW vs. UTA,W,240,103,18
ORL,12/23/2015,ORL vs. HOU,W,239,104,3
NYK,12/23/2015,NYK @ CLE,L,241,84,-7
BKN,12/23/2015,BKN vs. DAL,L,264,118,-1
BOS,12/23/2015,BOS @ CHA,W,240,102,13
SAC,12/23/2015,SAC @ IND,W,241,108,2
PHX,12/23/2015,PHX vs. DEN,L,241,96,-8
OKC,12/23/2015,OKC @ LAL,W,241,120,35
HOU,12/23/2015,HOU @ ORL,L,241,101,-3
ATL,12/23/2015,ATL vs. DET,W,240,107,6.8
IND,12/23/2015,IND vs. SAC,L,240,106,-2
PHI,12/23/2015,PHI @ MIL,L,239,100,-13
SAS,12/23/2015,SAS @ MIN,W,241,108,25
MIL,12/23/2015,MIL vs. PHI,W,240,113,13
POR,12/23/2015,POR @ NOP,L,239,89,-26
MIN,12/23/2015,MIN vs. SAS,L,240,83,-25
MEM,12/23/2015,MEM @ WAS,L,242,91,-9
HOU,12/25/2015,HOU vs. SAS,W,240,88,4
NOP,12/25/2015,NOP @ MIA,L,264,88,-6
MIA,12/25/2015,MIA vs. NOP,W,265,94,6
LAL,12/25/2015,LAL vs. LAC,L,241,84,-10
GSW,12/25/2015,GSW vs. CLE,W,240,89,6
OKC,12/25/2015,OKC vs. CHI,L,240,96,-9
SAS,12/25/2015,SAS @ HOU,L,240,84,-4
CLE,12/25/2015,CLE @ GSW,L,241,83,-6
LAC,12/25/2015,LAC @ LAL,W,240,94,10
CHI,12/25/2015,CHI @ OKC,W,240,105,9
ATL,12/26/2015,ATL vs. NYK,W,240,117,19
BOS,12/26/2015,BOS @ DET,W,239,99,6
NOP,12/26/2015,NOP vs. HOU,W,241,110,2
MIN,12/26/2015,MIN vs. IND,L,240,88,-14
NYK,12/26/2015,NYK @ ATL,L,239,98,-19
HOU,12/26/2015,HOU @ NOP,L,241,108,-2
LAC,12/26/2015,LAC @ UTA,W,240,109,5
ORL,12/26/2015,ORL vs. MIA,L,239,101,-7
DEN,12/26/2015,DEN @ SAS,L,240,86,-15
CLE,12/26/2015,CLE @ POR,L,240,76,-29
MIA,12/26/2015,MIA @ ORL,W,240,108,7
DET,12/26/2015,DET vs. BOS,L,240,93,-6
MEM,12/26/2015,MEM @ CHA,L,239,92,-6
BKN,12/26/2015,BKN vs. WAS,L,240,96,-15
POR,12/26/2015,POR vs. CLE,W,239,105,29
IND,12/26/2015,IND @ MIN,W,241,102,14
CHI,12/26/2015,CHI @ DAL,L,240,111,-7
DAL,12/26/2015,DAL vs. CHI,W,241,118,7
PHX,12/26/2015,PHX vs. PHI,L,240,104,-7
SAS,12/26/2015,SAS vs. DEN,W,240,101,15
UTA,12/26/2015,UTA vs. LAC,L,241,104,-5
CHA,12/26/2015,CHA vs. MEM,W,241,98,6
PHI,12/26/2015,PHI @ PHX,W,240,111,7
MIL,12/26/2015,MIL vs. TOR,L,240,90,-21
WAS,12/26/2015,WAS @ BKN,W,240,111,15
TOR,12/26/2015,TOR @ MIL,W,239,111,21
DEN,12/27/2015,DEN @ OKC,L,241,112,-10
LAL,12/27/2015,LAL @ MEM,L,240,96,-16
MEM,12/27/2015,MEM vs. LAL,W,240,112,16
OKC,12/27/2015,OKC vs. DEN,W,240,122,10
BOS,12/27/2015,BOS vs. NYK,W,239,100,9
NYK,12/27/2015,NYK @ BOS,L,240,91,-9
POR,12/27/2015,POR @ SAC,W,240,98,4
SAC,12/27/2015,SAC vs. POR,L,240,94,-4
UTA,12/28/2015,UTA vs. PHI,W,240,95,4
PHI,12/28/2015,PHI @ UTA,L,239,91,-4
SAS,12/28/2015,SAS vs. MIN,W,240,101,6
BKN,12/28/2015,BKN @ MIA,W,240,111,6
LAC,12/28/2015,LAC @ WAS,W,240,108,17
ORL,12/28/2015,ORL vs. NOP,W,241,104,15
PHX,12/28/2015,PHX vs. CLE,L,240,97,-4
MIL,12/28/2015,MIL @ DAL,L,240,93,-10
NOP,12/28/2015,NOP @ ORL,L,240,89,-15
MIA,12/28/2015,MIA vs. BKN,L,239,105,-6
DAL,12/28/2015,DAL vs. MIL,W,242,103,10
TOR,12/28/2015,TOR @ CHI,L,240,97,-7
GSW,12/28/2015,GSW vs. SAC,W,239,122,19
CLE,12/28/2015,CLE @ PHX,W,239,101,4
CHA,12/28/2015,CHA vs. LAL,W,240,108,10
LAL,12/28/2015,LAL @ CHA,L,240,98,-10
WAS,12/28/2015,WAS vs. LAC,L,239,91,-17
MIN,12/28/2015,MIN @ SAS,L,241,95,-6
ATL,12/28/2015,ATL @ IND,L,241,87,-6
CHI,12/28/2015,CHI vs. TOR,W,240,104,7
IND,12/28/2015,IND vs. ATL,W,240,93,6
SAC,12/28/2015,SAC @ GSW,L,240,103,-19
HOU,12/29/2015,HOU vs. ATL,L,238,115,-6
MIL,12/29/2015,MIL @ OKC,L,241,123,-8
DEN,12/29/2015,DEN vs. CLE,L,239,87,-6
ATL,12/29/2015,ATL @ HOU,W,240,121,6
CLE,12/29/2015,CLE @ DEN,W,240,93,6
DET,12/29/2015,DET @ NYK,L,240,96,-12
MEM,12/29/2015,MEM vs. MIA,W,264,99,9
NYK,12/29/2015,NYK vs. DET,W,239,108,12
OKC,12/29/2015,OKC vs. MIL,W,241,131,8
MIA,12/29/2015,MIA @ MEM,L,266,90,-9
TOR,12/30/2015,TOR vs. WAS,W,240,94,3
PHI,12/30/2015,PHI @ SAC,W,240,110,5
SAC,12/30/2015,SAC vs. PHI,L,240,105,-5
DAL,12/30/2015,DAL vs. GSW,W,237,114,23
CHA,12/30/2015,CHA vs. LAC,L,240,117,-5
PHX,12/30/2015,PHX @ SAS,L,241,79,-33
UTA,12/30/2015,UTA @ MIN,L,241,80,-14
ORL,12/30/2015,ORL vs. BKN,W,239,100,7
DEN,12/30/2015,DEN @ POR,L,241,103,-7
BOS,12/30/2015,BOS vs. LAL,L,240,104,-8
LAL,12/30/2015,LAL @ BOS,W,240,112,8
BKN,12/30/2015,BKN @ ORL,L,239,93,-7
IND,12/30/2015,IND @ CHI,L,264,100,-2
MIN,12/30/2015,MIN vs. UTA,W,242,94,14
POR,12/30/2015,POR vs. DEN,W,240,110,7
GSW,12/30/2015,GSW @ DAL,L,240,91,-23
LAC,12/30/2015,LAC @ CHA,W,240,122,5
WAS,12/30/2015,WAS @ TOR,L,241,91,-3
CHI,12/30/2015,CHI vs. IND,W,265,102,2
SAS,12/30/2015,SAS vs. PHX,W,240,112,33
NOP,12/31/2015,NOP vs. LAC,L,240,89,-6
GSW,12/31/2015,GSW @ HOU,W,240,114,4
HOU,12/31/2015,HOU vs. GSW,L,240,110,-4
PHX,12/31/2015,PHX @ OKC,L,241,106,-4
DET,12/31/2015,DET vs. MIN,W,240,115,25
OKC,12/31/2015,OKC vs. PHX,W,240,110,4
LAC,12/31/2015,LAC @ NOP,W,241,95,6
MIN,12/31/2015,MIN @ DET,L,241,90,-25
UTA,12/31/2015,UTA vs. POR,W,239,109,13
MIL,12/31/2015,MIL @ IND,W,241,120,4
POR,12/31/2015,POR @ UTA,L,240,96,-13
IND,12/31/2015,IND vs. MIL,L,240,116,-4
TOR,01/01/2016,TOR vs. CHA,W,240,104,10
CHI,01/01/2016,CHI vs. NYK,W,238,108,27
LAL,01/01/2016,LAL vs. PHI,W,240,93,9
ORL,01/01/2016,ORL @ WAS,L,240,91,-12
PHI,01/01/2016,PHI @ LAL,L,240,84,-9
DAL,01/01/2016,DAL @ MIA,L,239,82,-24
MIA,01/01/2016,MIA vs. DAL,W,240,106,24
CHA,01/01/2016,CHA @ TOR,L,240,94,-10
WAS,01/01/2016,WAS vs. ORL,W,241,103,12
NYK,01/01/2016,NYK @ CHI,L,242,81,-27
IND,01/02/2016,IND vs. DET,W,241,94,12
CLE,01/02/2016,CLE vs. ORL,W,240,104,25
CHA,01/02/2016,CHA vs. OKC,L,241,90,-19
DET,01/02/2016,DET @ IND,L,240,82,-12
SAS,01/02/2016,SAS vs. HOU,W,238,121,18
BKN,01/02/2016,BKN @ BOS,W,240,100,3
BOS,01/02/2016,BOS vs. BKN,L,239,97,-3
MEM,01/02/2016,MEM @ UTA,L,264,87,-5
MIL,01/02/2016,MIL @ MIN,W,240,95,10
OKC,01/02/2016,OKC @ CHA,W,241,109,19
ORL,01/02/2016,ORL @ CLE,L,240,79,-25
HOU,01/02/2016,HOU @ SAS,L,239,103,-18
DEN,01/02/2016,DEN @ GSW,L,265,108,-3
LAC,01/02/2016,LAC vs. PHI,W,240,130,31
DAL,01/02/2016,DAL vs. NOP,L,239,98,-7
GSW,01/02/2016,GSW vs. DEN,W,264,111,3
NOP,01/02/2016,NOP @ DAL,W,240,105,7
MIN,01/02/2016,MIN vs. MIL,L,239,85,-10
SAC,01/02/2016,SAC vs. PHX,W,241,142,23
PHI,01/02/2016,PHI @ LAC,L,240,99,-31
PHX,01/02/2016,PHX @ SAC,L,238,119,-23
UTA,01/02/2016,UTA vs. MEM,W,265,92,5
CHI,01/03/2016,CHI @ TOR,W,241,115,2
DEN,01/03/2016,DEN vs. POR,L,240,106,-6
ATL,01/03/2016,ATL @ NYK,L,241,97,-14
TOR,01/03/2016,TOR vs. CHI,L,240,113,-2
MIA,01/03/2016,MIA @ WAS,W,241,97,22
NYK,01/03/2016,NYK vs. ATL,W,239,111,14
PHX,01/03/2016,PHX @ LAL,L,239,77,-20
WAS,01/03/2016,WAS vs. MIA,L,240,75,-22
POR,01/03/2016,POR @ DEN,W,241,112,6
LAL,01/03/2016,LAL vs. PHX,W,240,97,20
GSW,01/04/2016,GSW vs. CHA,W,241,111,10
BKN,01/04/2016,BKN vs. BOS,L,239,94,-9
TOR,01/04/2016,TOR @ CLE,L,240,100,-22
MEM,01/04/2016,MEM @ POR,W,240,91,13
POR,01/04/2016,POR vs. MEM,L,241,78,-13
ORL,01/04/2016,ORL @ DET,L,240,89,-26
UTA,01/04/2016,UTA vs. HOU,L,241,91,-2
SAS,01/04/2016,SAS @ MIL,W,240,123,25
HOU,01/04/2016,HOU @ UTA,W,240,93,2
MIL,01/04/2016,MIL vs. SAS,L,240,98,-25
DET,01/04/2016,DET vs. ORL,W,242,115,26
BOS,01/04/2016,BOS @ BKN,W,242,103,9
PHI,01/04/2016,PHI vs. MIN,W,241,109,10
SAC,01/04/2016,SAC @ OKC,W,240,116,12
MIN,01/04/2016,MIN @ PHI,L,240,99,-10
OKC,01/04/2016,OKC vs. SAC,L,240,104,-12
CLE,01/04/2016,CLE vs. TOR,W,241,122,22
CHA,01/04/2016,CHA @ GSW,L,240,101,-10
MIA,01/04/2016,MIA vs. IND,W,267,103,3
IND,01/04/2016,IND @ MIA,L,265,100,-3
GSW,01/05/2016,GSW @ LAL,W,240,109,21
CHI,01/05/2016,CHI vs. MIL,W,240,117,11
LAL,01/05/2016,LAL vs. GSW,L,241,88,-21
DAL,01/05/2016,DAL vs. SAC,W,290,117,1
NYK,01/05/2016,NYK @ ATL,W,241,107,6
SAC,01/05/2016,SAC @ DAL,L,289,116,-1
MIL,01/05/2016,MIL @ CHI,L,238,106,-11
ATL,01/05/2016,ATL vs. NYK,L,239,101,-6
BKN,01/06/2016,BKN vs. TOR,L,242,74,-17
SAS,01/06/2016,SAS vs. UTA,W,240,123,25
NYK,01/06/2016,NYK @ MIA,W,241,98,8
ORL,01/06/2016,ORL vs. IND,L,240,86,-9
CHA,01/06/2016,CHA @ PHX,L,239,102,-9
IND,01/06/2016,IND @ ORL,W,240,95,9
MIN,01/06/2016,MIN vs. DEN,L,240,74,-4
DAL,01/06/2016,DAL @ NOP,W,239,100,9
BOS,01/06/2016,BOS vs. DET,L,240,94,-5
PHX,01/06/2016,PHX vs. CHA,W,240,111,9
MEM,01/06/2016,MEM @ OKC,L,240,94,-18
OKC,01/06/2016,OKC vs. MEM,W,240,112,18
NOP,01/06/2016,NOP vs. DAL,L,240,91,-9
UTA,01/06/2016,UTA @ SAS,L,241,98,-25
DET,01/06/2016,DET @ BOS,W,239,99,5
MIA,01/06/2016,MIA vs. NYK,L,239,90,-8
LAC,01/06/2016,LAC @ POR,W,240,109,11
TOR,01/06/2016,TOR @ BKN,W,240,91,17
POR,01/06/2016,POR vs. LAC,L,241,98,-11
DEN,01/06/2016,DEN @ MIN,W,240,78,4
WAS,01/06/2016,WAS vs. CLE,L,239,115,-6
CLE,01/06/2016,CLE @ WAS,W,242,121,6
SAC,01/07/2016,SAC vs. LAL,W,242,118,3
ATL,01/07/2016,ATL @ PHI,W,239,126,28
UTA,01/07/2016,UTA @ HOU,L,239,94,-9
BOS,01/07/2016,BOS @ CHI,L,240,92,-9
LAL,01/07/2016,LAL @ SAC,L,240,115,-3
HOU,01/07/2016,HOU vs. UTA,W,238,103,9
CHI,01/07/2016,CHI vs. BOS,W,241,101,9
PHI,01/07/2016,PHI vs. ATL,L,239,98,-28
POR,01/08/2016,POR vs. GSW,L,240,108,-20
NYK,01/08/2016,NYK @ SAS,L,239,99,-1
ORL,01/08/2016,ORL @ BKN,W,240,83,6
NOP,01/08/2016,NOP vs. IND,L,240,86,-5
IND,01/08/2016,IND @ NOP,W,241,91,5
MEM,01/08/2016,MEM vs. DEN,W,239,91,7
TOR,01/08/2016,TOR @ WAS,W,240,97,9
SAS,01/08/2016,SAS vs. NYK,W,240,100,1
MIL,01/08/2016,MIL vs. DAL,W,240,96,1
LAL,01/08/2016,LAL vs. OKC,L,239,113,-4
WAS,01/08/2016,WAS vs. TOR,L,238,88,-9
BKN,01/08/2016,BKN vs. ORL,L,241,77,-6
MIA,01/08/2016,MIA @ PHX,W,241,103,8
PHX,01/08/2016,PHX vs. MIA,L,239,95,-8
GSW,01/08/2016,GSW @ POR,W,241,128,20
OKC,01/08/2016,OKC @ LAL,W,242,117,4
MIN,01/08/2016,MIN vs. CLE,L,238,99,-26
DAL,01/08/2016,DAL @ MIL,L,239,95,-1
DEN,01/08/2016,DEN @ MEM,L,241,84,-7
CLE,01/08/2016,CLE @ MIN,W,241,125,26
ORL,01/09/2016,ORL vs. WAS,L,241,99,-6
CHA,01/09/2016,CHA @ LAC,L,240,83,-14
ATL,01/09/2016,ATL vs. CHI,W,239,120,15
MIA,01/09/2016,MIA @ UTA,L,240,83,-15
LAC,01/09/2016,LAC vs. CHA,W,240,97,14
SAC,01/09/2016,SAC vs. GSW,L,239,116,-12
DET,01/09/2016,DET vs. BKN,W,240,103,14
TOR,01/09/2016,TOR @ PHI,W,242,108,13
GSW,01/09/2016,GSW @ SAC,W,240,128,12
WAS,01/09/2016,WAS @ ORL,W,239,105,6
PHI,01/09/2016,PHI vs. TOR,L,241,95,-13
UTA,01/09/2016,UTA vs. MIA,W,240,98,15
BKN,01/09/2016,BKN @ DET,L,241,89,-14
CHI,01/09/2016,CHI @ ATL,L,238,105,-15
CLE,01/10/2016,CLE @ PHI,W,241,95,10
LAL,01/10/2016,LAL vs. UTA,L,241,74,-12
UTA,01/10/2016,UTA @ LAL,W,240,86,12
MIL,01/10/2016,MIL @ NYK,L,239,88,-12
PHI,01/10/2016,PHI vs. CLE,L,240,85,-10
NYK,01/10/2016,NYK vs. MIL,W,239,100,12
NOP,01/10/2016,NOP @ LAC,L,264,111,-3
OKC,01/10/2016,OKC @ POR,L,241,110,-5
CHA,01/10/2016,CHA @ DEN,L,241,92,-3
HOU,01/10/2016,HOU vs. IND,W,267,107,4
LAC,01/10/2016,LAC vs. NOP,W,265,114,3
DEN,01/10/2016,DEN vs. CHA,W,240,95,3
MIN,01/10/2016,MIN vs. DAL,L,239,87,-6
POR,01/10/2016,POR vs. OKC,W,239,115,5
MEM,01/10/2016,MEM vs. BOS,W,239,101,3
DAL,01/10/2016,DAL @ MIN,W,240,93,6
IND,01/10/2016,IND @ HOU,L,267,103,-4
BOS,01/10/2016,BOS @ MEM,L,241,98,-3
WAS,01/11/2016,WAS @ CHI,W,241,114,14
SAS,01/11/2016,SAS @ BKN,W,240,106,27
CHI,01/11/2016,CHI vs. WAS,L,243,100,-14
GSW,01/11/2016,GSW vs. MIA,W,241,111,8
BKN,01/11/2016,BKN vs. SAS,L,240,79,-27
MIA,01/11/2016,MIA @ GSW,L,242,103,-8
NOP,01/12/2016,NOP @ LAL,L,239,91,-4
SAS,01/12/2016,SAS @ DET,W,241,109,10
OKC,01/12/2016,OKC @ MIN,W,241,101,5
MIN,01/12/2016,MIN vs. OKC,L,240,96,-5
CHI,01/12/2016,CHI @ MIL,L,240,101,-5
CLE,01/12/2016,CLE @ DAL,W,265,110,3
BOS,01/12/2016,BOS @ NYK,L,241,114,-6
PHX,01/12/2016,PHX @ IND,L,240,97,-19
LAL,01/12/2016,LAL vs. NOP,W,240,95,4
HOU,01/12/2016,HOU @ MEM,W,240,107,16
IND,01/12/2016,IND vs. PHX,W,239,116,19
NYK,01/12/2016,NYK vs. BOS,W,240,120,6
DAL,01/12/2016,DAL vs. CLE,L,265,107,-3
MIL,01/12/2016,MIL vs. CHI,W,241,106,5
MEM,01/12/2016,MEM vs. HOU,L,239,91,-16
DET,01/12/2016,DET vs. SAS,L,240,99,-10
HOU,01/13/2016,HOU vs. MIN,W,240,107,3
NYK,01/13/2016,NYK @ BKN,L,240,104,-6
POR,01/13/2016,POR vs. UTA,W,239,99,14
MIN,01/13/2016,MIN @ HOU,L,241,104,-3
WAS,01/13/2016,WAS vs. MIL,W,239,106,5
LAC,01/13/2016,LAC vs. MIA,W,240,104,14
UTA,01/13/2016,UTA @ POR,L,240,85,-14
SAC,01/13/2016,SAC vs. NOP,L,242,97,-12
MIA,01/13/2016,MIA @ LAC,L,240,90,-14
CHA,01/13/2016,CHA vs. ATL,W,239,107,23
DEN,01/13/2016,DEN vs. GSW,W,239,112,2
BKN,01/13/2016,BKN vs. NYK,W,241,110,6
OKC,01/13/2016,OKC vs. DAL,W,240,108,19
ATL,01/13/2016,ATL @ CHA,L,240,84,-23
NOP,01/13/2016,NOP @ SAC,W,240,109,12
BOS,01/13/2016,BOS vs. IND,W,240,103,9
IND,01/13/2016,IND @ BOS,L,239,94,-9
GSW,01/13/2016,GSW @ DEN,L,242,110,-2
DAL,01/13/2016,DAL @ OKC,L,240,89,-19
MIL,01/13/2016,MIL @ WAS,L,240,101,-5
CHI,01/14/2016,CHI @ PHI,W,264,115,4
SAS,01/14/2016,SAS vs. CLE,W,239,99,4
SAC,01/14/2016,SAC @ UTA,W,241,103,2
UTA,01/14/2016,UTA vs. SAC,L,238,101,-2
PHI,01/14/2016,PHI vs. CHI,L,266,111,-4
LAL,01/14/2016,LAL @ GSW,L,242,98,-18
ORL,01/14/2016,ORL vs. TOR,L,265,103,-3
CLE,01/14/2016,CLE @ SAS,L,239,95,-4
TOR,01/14/2016,TOR @ ORL,W,267,106,3
DET,01/14/2016,DET @ MEM,L,240,101,-2
GSW,01/14/2016,GSW vs. LAL,W,240,116,18
MEM,01/14/2016,MEM vs. DET,W,241,103,2
MIN,01/15/2016,MIN @ OKC,L,242,93,-20
ATL,01/15/2016,ATL @ MIL,L,264,101,-7
DAL,01/15/2016,DAL @ CHI,W,240,83,6
BKN,01/15/2016,BKN vs. POR,L,240,104,-12
DEN,01/15/2016,DEN vs. MIA,L,241,95,-3
WAS,01/15/2016,WAS @ IND,W,240,118,14
CLE,01/15/2016,CLE @ HOU,W,241,91,14
IND,01/15/2016,IND vs. WAS,L,240,104,-14
OKC,01/15/2016,OKC vs. MIN,W,242,113,20
CHI,01/15/2016,CHI vs. DAL,L,240,77,-6
CHA,01/15/2016,CHA @ NOP,L,241,107,-2
POR,01/15/2016,POR @ BKN,W,240,116,12
BOS,01/15/2016,BOS vs. PHX,W,241,117,14
MIL,01/15/2016,MIL vs. ATL,W,264,108,7
PHX,01/15/2016,PHX @ BOS,L,240,103,-14
MIA,01/15/2016,MIA @ DEN,W,240,98,3
HOU,01/15/2016,HOU vs. CLE,L,238,77,-14
NOP,01/15/2016,NOP vs. CHA,W,239,109,2
SAC,01/16/2016,SAC @ LAC,W,240,110,7
MEM,01/16/2016,MEM vs. NYK,W,241,103,8
GSW,01/16/2016,GSW @ DET,L,240,95,-18
ATL,01/16/2016,ATL vs. BKN,W,240,114,28
UTA,01/16/2016,UTA vs. LAL,W,238,109,27
LAL,01/16/2016,LAL @ UTA,L,241,82,-27
PHI,01/16/2016,PHI vs. POR,W,240,114,25
BOS,01/16/2016,BOS @ WAS,W,242,119,2
LAC,01/16/2016,LAC vs. SAC,L,239,103,-7
WAS,01/16/2016,WAS vs. BOS,L,240,117,-2
POR,01/16/2016,POR @ PHI,L,240,89,-25
MIL,01/16/2016,MIL @ CHA,W,242,105,13
BKN,01/16/2016,BKN @ ATL,L,241,86,-28
CHA,01/16/2016,CHA vs. MIL,L,242,92,-13
DET,01/16/2016,DET vs. GSW,W,240,113,18
NYK,01/16/2016,NYK @ MEM,L,239,95,-8
DEN,01/17/2016,DEN vs. IND,W,240,129,3
MIN,01/17/2016,MIN vs. PHX,W,241,117,30
DAL,01/17/2016,DAL @ SAS,L,240,83,-29
PHX,01/17/2016,PHX @ MIN,L,240,87,-30
OKC,01/17/2016,OKC vs. MIA,W,240,99,25
LAL,01/17/2016,LAL vs. HOU,L,239,95,-17
MIA,01/17/2016,MIA @ OKC,L,241,74,-25
SAS,01/17/2016,SAS vs. DAL,W,239,112,29
IND,01/17/2016,IND @ DEN,L,241,126,-3
HOU,01/17/2016,HOU @ LAL,W,239,112,17
HOU,01/18/2016,HOU @ LAC,L,264,132,-8
BKN,01/18/2016,BKN @ TOR,L,240,100,-12
CHI,01/18/2016,CHI @ DET,W,240,111,10
LAC,01/18/2016,LAC vs. HOU,W,265,140,8
GSW,01/18/2016,GSW @ CLE,W,239,132,34
MEM,01/18/2016,MEM vs. NOP,W,240,101,2
UTA,01/18/2016,UTA @ CHA,L,290,119,-5
POR,01/18/2016,POR @ WAS,W,241,108,10
DAL,01/18/2016,DAL vs. BOS,W,265,118,5
ATL,01/18/2016,ATL vs. ORL,W,239,98,17
BOS,01/18/2016,BOS @ DAL,L,267,113,-5
DET,01/18/2016,DET vs. CHI,L,240,101,-10
WAS,01/18/2016,WAS vs. POR,L,240,98,-10
NOP,01/18/2016,NOP @ MEM,L,240,99,-2
TOR,01/18/2016,TOR vs. BKN,W,241,112,12
CLE,01/18/2016,CLE vs. GSW,L,240,98,-34
ORL,01/18/2016,ORL @ ATL,L,242,81,-17
CHA,01/18/2016,CHA vs. UTA,W,291,124,5
PHI,01/18/2016,PHI @ NYK,L,291,113,-6
NYK,01/18/2016,NYK vs. PHI,W,289,119,6
MIL,01/19/2016,MIL @ MIA,W,242,91,12
DEN,01/19/2016,DEN vs. OKC,L,240,104,-6
MIN,01/19/2016,MIN @ NOP,L,240,99,-15
NOP,01/19/2016,NOP vs. MIN,W,240,114,15
PHX,01/19/2016,PHX vs. IND,L,241,94,-3
OKC,01/19/2016,OKC @ DEN,W,239,110,6
MIA,01/19/2016,MIA vs. MIL,L,239,79,-12
IND,01/19/2016,IND @ PHX,W,240,97,3
GSW,01/20/2016,GSW @ CHI,W,241,125,31
SAC,01/20/2016,SAC @ LAL,W,238,112,19
PHI,01/20/2016,PHI @ ORL,W,241,96,9
MIA,01/20/2016,MIA @ WAS,L,240,87,-19
CHA,01/20/2016,CHA @ OKC,L,239,95,-14
POR,01/20/2016,POR vs. ATL,L,242,98,-6
BOS,01/20/2016,BOS @ TOR,L,240,109,-6
DAL,01/20/2016,DAL vs. MIN,W,265,106,12
UTA,01/20/2016,UTA @ NYK,L,264,111,-7
CLE,01/20/2016,CLE @ BKN,W,240,91,13
MIN,01/20/2016,MIN @ DAL,L,264,94,-12
DET,01/20/2016,DET @ HOU,W,239,123,9
TOR,01/20/2016,TOR vs. BOS,W,240,115,6
LAL,01/20/2016,LAL vs. SAC,L,240,93,-19
ATL,01/20/2016,ATL @ POR,W,240,104,6
ORL,01/20/2016,ORL vs. PHI,L,239,87,-9
NYK,01/20/2016,NYK vs. UTA,W,265,118,7
CHI,01/20/2016,CHI vs. GSW,L,240,94,-31
OKC,01/20/2016,OKC vs. CHA,W,240,109,14
WAS,01/20/2016,WAS vs. MIA,W,239,106,19
BKN,01/20/2016,BKN vs. CLE,L,241,78,-13
HOU,01/20/2016,HOU vs. DET,L,239,114,-9
CLE,01/21/2016,CLE vs. LAC,W,239,115,13
MEM,01/21/2016,MEM @ DEN,W,239,102,1
SAS,01/21/2016,SAS @ PHX,W,241,117,28
ATL,01/21/2016,ATL @ SAC,L,240,88,-3
DET,01/21/2016,DET @ NOP,L,240,99,-16
NOP,01/21/2016,NOP vs. DET,W,242,115,16
PHX,01/21/2016,PHX vs. SAS,L,240,89,-28
SAC,01/21/2016,SAC vs. ATL,W,240,91,3
DEN,01/21/2016,DEN vs. MEM,L,241,101,-1
LAC,01/21/2016,LAC @ CLE,L,242,102,-13
NYK,01/22/2016,NYK vs. LAC,L,240,88,-28
LAL,01/22/2016,LAL vs. SAS,L,239,95,-13
TOR,01/22/2016,TOR vs. MIA,W,242,101,20
HOU,01/22/2016,HOU vs. MIL,W,241,102,4
SAS,01/22/2016,SAS @ LAL,W,239,108,13
IND,01/22/2016,IND @ GSW,L,240,110,-12
CHA,01/22/2016,CHA @ ORL,W,265,120,4
GSW,01/22/2016,GSW vs. IND,W,240,122,12
CHI,01/22/2016,CHI @ BOS,L,240,101,-9
MIA,01/22/2016,MIA @ TOR,L,241,81,-20
OKC,01/22/2016,OKC @ DAL,W,240,109,3
MIL,01/22/2016,MIL @ HOU,L,241,98,-4
BOS,01/22/2016,BOS vs. CHI,W,240,110,9
UTA,01/22/2016,UTA @ BKN,W,240,108,22
LAC,01/22/2016,LAC @ NYK,W,240,116,28
ORL,01/22/2016,ORL vs. CHA,L,265,116,-4
DAL,01/22/2016,DAL vs. OKC,L,239,106,-3
BKN,01/22/2016,BKN vs. UTA,L,239,86,-22
CHI,01/23/2016,CHI @ CLE,W,240,96,13
POR,01/23/2016,POR vs. LAL,W,238,121,18
ATL,01/23/2016,ATL @ PHX,L,240,95,-3
LAL,01/23/2016,LAL @ POR,L,241,103,-18
DET,01/23/2016,DET @ DEN,L,240,101,-3
MIN,01/23/2016,MIN vs. MEM,W,239,106,5
MEM,01/23/2016,MEM @ MIN,L,241,101,-5
CLE,01/23/2016,CLE vs. CHI,L,241,83,-13
SAC,01/23/2016,SAC vs. IND,W,240,108,11
IND,01/23/2016,IND @ SAC,L,242,97,-11
MIL,01/23/2016,MIL @ NOP,L,240,99,-17
NOP,01/23/2016,NOP vs. MIL,W,241,116,17
DEN,01/23/2016,DEN vs. DET,W,239,104,3
PHX,01/23/2016,PHX vs. ATL,W,240,98,3
NYK,01/23/2016,NYK @ CHA,L,241,84,-13
CHA,01/23/2016,CHA vs. NYK,W,240,97,13
PHI,01/24/2016,PHI vs. BOS,L,241,92,-20
BOS,01/24/2016,BOS @ PHI,W,239,112,20
BKN,01/24/2016,BKN vs. OKC,W,239,116,10
TOR,01/24/2016,TOR vs. LAC,W,240,112,18
DAL,01/24/2016,DAL @ HOU,L,240,104,-11
OKC,01/24/2016,OKC @ BKN,L,241,106,-10
HOU,01/24/2016,HOU vs. DAL,W,241,115,11
LAC,01/24/2016,LAC @ TOR,L,239,94,-18
MIA,01/25/2016,MIA @ CHI,W,241,89,5
CHI,01/25/2016,CHI vs. MIA,L,240,84,-5
UTA,01/25/2016,UTA vs. DET,L,240,92,-3
SAC,01/25/2016,SAC vs. CHA,L,290,128,-1
HOU,01/25/2016,HOU @ NOP,W,240,112,1
GSW,01/25/2016,GSW vs. SAS,W,238,120,30
NOP,01/25/2016,NOP vs. HOU,L,240,111,-1
ORL,01/25/2016,ORL @ MEM,L,263,102,-6
MEM,01/25/2016,MEM vs. ORL,W,264,108,6
ATL,01/25/2016,ATL @ DEN,W,241,119,14
BOS,01/25/2016,BOS @ WAS,W,239,116,25
WAS,01/25/2016,WAS vs. BOS,L,238,91,-25
DET,01/25/2016,DET @ UTA,W,240,95,3
CLE,01/25/2016,CLE vs. MIN,W,239,114,7
SAS,01/25/2016,SAS @ GSW,L,238,90,-30
CHA,01/25/2016,CHA @ SAC,W,290,129,1
DEN,01/25/2016,DEN vs. ATL,L,240,105,-14
MIN,01/25/2016,MIN @ CLE,L,241,107,-7
POR,01/26/2016,POR vs. SAC,W,240,112,15
LAL,01/26/2016,LAL vs. DAL,L,242,90,-2
TOR,01/26/2016,TOR vs. WAS,W,241,106,17
PHX,01/26/2016,PHX @ PHI,L,239,103,-10
DAL,01/26/2016,DAL @ LAL,W,239,92,2
MIA,01/26/2016,MIA @ BKN,W,240,102,4
OKC,01/26/2016,OKC @ NYK,W,265,128,6
PHI,01/26/2016,PHI vs. PHX,W,241,113,10
ORL,01/26/2016,ORL @ MIL,L,239,100,-7
SAC,01/26/2016,SAC @ POR,L,241,97,-15
MIL,01/26/2016,MIL vs. ORL,W,239,107,7
LAC,01/26/2016,LAC @ IND,W,240,91,2
IND,01/26/2016,IND vs. LAC,L,240,89,-2
WAS,01/26/2016,WAS @ TOR,L,242,89,-17
NYK,01/26/2016,NYK vs. OKC,L,264,122,-6
BKN,01/26/2016,BKN vs. MIA,L,239,98,-4
BOS,01/27/2016,BOS vs. DEN,W,241,111,8
PHX,01/27/2016,PHX @ CLE,L,240,93,-22
PHI,01/27/2016,PHI @ DET,L,240,97,-13
SAS,01/27/2016,SAS vs. HOU,W,242,130,31
ATL,01/27/2016,ATL vs. LAC,L,241,83,-2
OKC,01/27/2016,OKC @ MIN,W,240,126,3
UTA,01/27/2016,UTA vs. CHA,W,241,102,29
DEN,01/27/2016,DEN @ BOS,L,239,103,-8
CHA,01/27/2016,CHA @ UTA,L,240,73,-29
DET,01/27/2016,DET vs. PHI,W,241,110,13
GSW,01/27/2016,GSW vs. DAL,W,241,127,20
CLE,01/27/2016,CLE vs. PHX,W,239,115,22
MIN,01/27/2016,MIN vs. OKC,L,239,123,-3
DAL,01/27/2016,DAL @ GSW,L,240,107,-20
LAC,01/27/2016,LAC @ ATL,W,240,85,2
HOU,01/27/2016,HOU @ SAS,L,241,99,-31
TOR,01/28/2016,TOR vs. NYK,W,239,103,10
NYK,01/28/2016,NYK @ TOR,L,239,93,-10
CHI,01/28/2016,CHI @ LAL,W,239,114,23
MEM,01/28/2016,MEM vs. MIL,W,240,103,20
IND,01/28/2016,IND vs. ATL,W,241,111,19
SAC,01/28/2016,SAC @ NOP,L,241,105,-9
ATL,01/28/2016,ATL @ IND,L,239,92,-19
WAS,01/28/2016,WAS vs. DEN,L,239,113,-4
NOP,01/28/2016,NOP vs. SAC,W,240,114,9
DEN,01/28/2016,DEN @ WAS,W,240,117,4
LAL,01/28/2016,LAL vs. CHI,L,242,91,-23
MIL,01/28/2016,MIL @ MEM,L,240,83,-20
POR,01/29/2016,POR vs. CHA,W,241,109,18
CLE,01/29/2016,CLE @ DET,W,240,114,8
BOS,01/29/2016,BOS vs. ORL,W,239,113,19
LAC,01/29/2016,LAC vs. LAL,W,240,105,12
MIA,01/29/2016,MIA @ MIL,W,241,107,4
MIN,01/29/2016,MIN @ UTA,L,241,90,-13
ORL,01/29/2016,ORL @ BOS,L,240,94,-19
LAL,01/29/2016,LAL @ LAC,L,240,93,-12
DAL,01/29/2016,DAL vs. BKN,W,239,91,12
NYK,01/29/2016,NYK vs. PHX,W,239,102,18
OKC,01/29/2016,OKC vs. HOU,W,239,116,8
MIL,01/29/2016,MIL vs. MIA,L,239,103,-4
CHA,01/29/2016,CHA @ POR,L,240,91,-18
UTA,01/29/2016,UTA vs. MIN,W,240,103,13
PHX,01/29/2016,PHX @ NYK,L,241,84,-18
DET,01/29/2016,DET vs. CLE,L,239,106,-8
HOU,01/29/2016,HOU @ OKC,L,240,108,-8
BKN,01/29/2016,BKN @ DAL,L,239,79,-12
IND,01/30/2016,IND vs. DEN,W,264,109,4
SAC,01/30/2016,SAC @ MEM,L,241,117,-4
HOU,01/30/2016,HOU vs. WAS,L,241,122,-1
WAS,01/30/2016,WAS @ HOU,W,240,123,1
SAS,01/30/2016,SAS @ CLE,L,239,103,-14
DET,01/30/2016,DET @ TOR,L,239,107,-4
PHI,01/30/2016,PHI vs. GSW,L,241,105,-3
GSW,01/30/2016,GSW @ PHI,W,240,108,12
CLE,01/30/2016,CLE vs. SAS,W,240,117,14
TOR,01/30/2016,TOR vs. DET,W,241,111,4
DEN,01/30/2016,DEN @ IND,L,264,105,-4
BKN,01/30/2016,BKN @ NOP,L,240,103,-2
NOP,01/30/2016,NOP vs. BKN,W,240,105,2
MEM,01/30/2016,MEM vs. SAC,W,241,121,4
ATL,01/31/2016,ATL @ MIA,L,240,87,-18
CHA,01/31/2016,CHA @ LAL,W,240,101,19
MIA,01/31/2016,MIA vs. ATL,W,238,105,18
CHI,01/31/2016,CHI @ LAC,L,240,93,-27
MIN,01/31/2016,MIN @ POR,L,238,93,-3
POR,01/31/2016,POR vs. MIN,W,240,96,3
NYK,01/31/2016,NYK vs. GSW,L,241,95,-21
PHX,01/31/2016,PHX @ DAL,L,240,78,-13
LAL,01/31/2016,LAL vs. CHA,L,240,82,-19
ORL,01/31/2016,ORL vs. BOS,W,241,119,5
DAL,01/31/2016,DAL vs. PHX,W,241,91,13
BOS,01/31/2016,BOS @ ORL,L,240,114,-5
GSW,01/31/2016,GSW @ NYK,W,238,116,21
LAC,01/31/2016,LAC vs. CHI,W,241,120,27
IND,02/01/2016,IND vs. CLE,L,265,106,-5
DAL,02/01/2016,DAL @ ATL,L,239,97,-15
WAS,02/01/2016,WAS @ OKC,L,239,98,-16
DET,02/01/2016,DET @ BKN,W,240,105,5
DEN,02/01/2016,DEN vs. TOR,W,239,112,19
OKC,02/01/2016,OKC vs. WAS,W,240,114,16
UTA,02/01/2016,UTA vs. CHI,W,266,105,9
SAS,02/01/2016,SAS vs. ORL,W,240,107,15
SAC,02/01/2016,SAC vs. MIL,W,241,111,7
BKN,02/01/2016,BKN vs. DET,L,240,100,-5
ATL,02/01/2016,ATL vs. DAL,W,240,112,15
MIL,02/01/2016,MIL @ SAC,L,239,104,-7
CLE,02/01/2016,CLE @ IND,W,265,111,5
TOR,02/01/2016,TOR @ DEN,L,240,93,-19
CHI,02/01/2016,CHI @ UTA,L,266,96,-9
ORL,02/01/2016,ORL @ SAS,L,241,92,-15
NOP,02/01/2016,NOP vs. MEM,L,239,95,-15
MEM,02/01/2016,MEM @ NOP,W,241,110,15
TOR,02/02/2016,TOR @ PHX,W,241,104,7
PHX,02/02/2016,PHX vs. TOR,L,238,97,-7
MIA,02/02/2016,MIA @ HOU,L,239,102,-13
LAL,02/02/2016,LAL vs. MIN,W,239,119,4
HOU,02/02/2016,HOU vs. MIA,W,240,115,13
MIL,02/02/2016,MIL @ POR,L,241,95,-12
POR,02/02/2016,POR vs. MIL,W,240,107,12
NYK,02/02/2016,NYK vs. BOS,L,238,89,-8
MIN,02/02/2016,MIN @ LAL,L,239,115,-4
BOS,02/02/2016,BOS @ NYK,W,241,97,8
IND,02/03/2016,IND @ BKN,W,241,114,14
BKN,02/03/2016,BKN vs. IND,L,241,100,-14
DEN,02/03/2016,DEN @ UTA,L,240,81,-4
SAS,02/03/2016,SAS vs. NOP,W,241,110,13
CHA,02/03/2016,CHA vs. CLE,W,240,106,9
MIN,02/03/2016,MIN @ LAC,W,238,108,6
CLE,02/03/2016,CLE @ CHA,L,239,97,-9
GSW,02/03/2016,GSW @ WAS,W,241,134,13
DET,02/03/2016,DET @ BOS,L,239,95,-7
OKC,02/03/2016,OKC vs. ORL,W,240,117,3
UTA,02/03/2016,UTA vs. DEN,W,241,85,4
DAL,02/03/2016,DAL vs. MIA,L,239,90,-3
MIA,02/03/2016,MIA @ DAL,W,240,93,3
LAC,02/03/2016,LAC vs. MIN,L,240,102,-6
SAC,02/03/2016,SAC vs. CHI,L,240,102,-5
ATL,02/03/2016,ATL @ PHI,W,239,124,38
CHI,02/03/2016,CHI @ SAC,W,240,107,5
PHI,02/03/2016,PHI vs. ATL,L,242,86,-38
ORL,02/03/2016,ORL @ OKC,L,240,114,-3
WAS,02/03/2016,WAS vs. GSW,L,241,121,-13
BOS,02/03/2016,BOS vs. DET,W,239,102,7
NOP,02/03/2016,NOP @ SAS,L,241,97,-13
NYK,02/04/2016,NYK @ DET,L,241,105,-6
NOP,02/04/2016,NOP vs. LAL,L,240,96,-3
TOR,02/04/2016,TOR @ POR,W,240,110,7
POR,02/04/2016,POR vs. TOR,L,240,103,-7
DET,02/04/2016,DET vs. NYK,W,240,111,6
HOU,02/04/2016,HOU @ PHX,W,240,111,6
LAL,02/04/2016,LAL @ NOP,W,241,99,3
PHX,02/04/2016,PHX vs. HOU,L,239,105,-6
LAC,02/05/2016,LAC @ ORL,W,240,107,14
IND,02/05/2016,IND @ ATL,L,241,96,-6
MIL,02/05/2016,MIL @ UTA,L,240,81,-3
UTA,02/05/2016,UTA vs. MIL,W,239,84,3
BKN,02/05/2016,BKN vs. SAC,W,239,128,9
BOS,02/05/2016,BOS @ CLE,W,240,104,1
WAS,02/05/2016,WAS vs. PHI,W,240,106,12
CHA,02/05/2016,CHA vs. MIA,L,239,95,-3
CLE,02/05/2016,CLE vs. BOS,L,240,103,-1
MEM,02/05/2016,MEM @ NYK,W,239,91,6
SAC,02/05/2016,SAC @ BKN,L,241,119,-9
ORL,02/05/2016,ORL vs. LAC,L,239,93,-14
NYK,02/05/2016,NYK vs. MEM,L,240,85,-6
ATL,02/05/2016,ATL vs. IND,W,240,102,6
PHI,02/05/2016,PHI @ WAS,L,241,94,-12
CHI,02/05/2016,CHI @ DEN,L,239,110,-5
MIA,02/05/2016,MIA @ CHA,W,240,98,3
DAL,02/05/2016,DAL vs. SAS,L,240,90,-26
SAS,02/05/2016,SAS @ DAL,W,242,116,26
DEN,02/05/2016,DEN vs. CHI,W,241,115,5
CLE,02/06/2016,CLE vs. NOP,W,239,99,15
CHI,02/06/2016,CHI @ MIN,L,241,105,-7
PHX,02/06/2016,PHX vs. UTA,L,240,89,-9
GSW,02/06/2016,GSW vs. OKC,W,240,116,8
DET,02/06/2016,DET @ IND,L,240,104,-8
NOP,02/06/2016,NOP @ CLE,L,240,84,-15
UTA,02/06/2016,UTA @ PHX,W,239,98,9
SAS,02/06/2016,SAS vs. LAL,W,240,106,4
WAS,02/06/2016,WAS @ CHA,L,240,104,-4
POR,02/06/2016,POR @ HOU,W,239,96,17
DAL,02/06/2016,DAL @ MEM,W,264,114,4
BKN,02/06/2016,BKN @ PHI,L,240,98,-5
OKC,02/06/2016,OKC @ GSW,L,239,108,-8
IND,02/06/2016,IND vs. DET,W,239,112,8
MIN,02/06/2016,MIN vs. CHI,W,240,112,7
HOU,02/06/2016,HOU vs. POR,L,241,79,-17
LAL,02/06/2016,LAL @ SAS,L,240,102,-4
CHA,02/06/2016,CHA vs. WAS,W,240,108,4
PHI,02/06/2016,PHI vs. BKN,W,239,103,5
MEM,02/06/2016,MEM vs. DAL,L,265,110,-4
MIA,02/07/2016,MIA vs. LAC,L,241,93,-7
DEN,02/07/2016,DEN @ NYK,W,241,101,5
BOS,02/07/2016,BOS vs. SAC,W,240,128,9
LAC,02/07/2016,LAC @ MIA,W,240,100,7
NYK,02/07/2016,NYK vs. DEN,L,241,96,-5
ORL,02/07/2016,ORL vs. ATL,W,240,96,2
SAC,02/07/2016,SAC @ BOS,L,239,119,-9
ATL,02/07/2016,ATL @ ORL,L,240,94,-2
CHI,02/08/2016,CHI @ CHA,L,241,91,-17
PHI,02/08/2016,PHI vs. LAC,L,265,92,-6
DEN,02/08/2016,DEN @ BKN,L,239,104,-1
MIN,02/08/2016,MIN vs. NOP,L,239,102,-14
MEM,02/08/2016,MEM vs. POR,L,266,106,-6
TOR,02/08/2016,TOR @ DET,W,240,103,14
ORL,02/08/2016,ORL @ ATL,W,262,117,7
LAC,02/08/2016,LAC @ PHI,W,265,98,6
CLE,02/08/2016,CLE vs. SAC,W,241,120,20
BKN,02/08/2016,BKN vs. DEN,W,240,105,1
POR,02/08/2016,POR @ MEM,W,265,112,6
PHX,02/08/2016,PHX vs. OKC,L,240,106,-16
OKC,02/08/2016,OKC @ PHX,W,239,122,16
SAC,02/08/2016,SAC @ CLE,L,241,100,-20
LAL,02/08/2016,LAL @ IND,L,239,87,-2
IND,02/08/2016,IND vs. LAL,W,241,89,2
CHA,02/08/2016,CHA vs. CHI,W,241,108,17
DET,02/08/2016,DET vs. TOR,L,240,89,-14
ATL,02/08/2016,ATL vs. ORL,L,265,110,-7
NOP,02/08/2016,NOP @ MIN,W,241,116,14
UTA,02/09/2016,UTA @ DAL,W,263,121,2
NYK,02/09/2016,NYK vs. WAS,L,240,108,-3
GSW,02/09/2016,GSW vs. HOU,W,241,123,13
DAL,02/09/2016,DAL vs. UTA,L,266,119,-2
SAS,02/09/2016,SAS @ MIA,W,240,119,18
WAS,02/09/2016,WAS @ NYK,W,241,111,3
MIL,02/09/2016,MIL vs. BOS,W,240,112,1
HOU,02/09/2016,HOU @ GSW,L,238,110,-13
BOS,02/09/2016,BOS @ MIL,L,240,111,-1
MIA,02/09/2016,MIA vs. SAS,L,241,101,-18
BKN,02/10/2016,BKN vs. MEM,L,241,90,-19
UTA,02/10/2016,UTA @ NOP,L,240,96,-4
LAC,02/10/2016,LAC @ BOS,L,265,134,-5
CLE,02/10/2016,CLE vs. LAL,W,241,120,9
DET,02/10/2016,DET vs. DEN,L,240,92,-11
ORL,02/10/2016,ORL vs. SAS,L,241,96,-2
CHA,02/10/2016,CHA @ IND,W,241,117,22
TOR,02/10/2016,TOR @ MIN,L,241,112,-5
SAS,02/10/2016,SAS @ ORL,W,240,98,2
LAL,02/10/2016,LAL @ CLE,L,241,111,-9
PHX,02/10/2016,PHX vs. GSW,L,241,104,-8
CHI,02/10/2016,CHI vs. ATL,L,240,90,-23
BOS,02/10/2016,BOS vs. LAC,W,266,139,5
HOU,02/10/2016,HOU @ POR,L,241,103,-13
MEM,02/10/2016,MEM @ BKN,W,240,109,19
NOP,02/10/2016,NOP vs. UTA,W,241,100,4
GSW,02/10/2016,GSW @ PHX,W,240,112,8
IND,02/10/2016,IND vs. CHA,L,239,95,-22
MIN,02/10/2016,MIN vs. TOR,W,240,117,5
ATL,02/10/2016,ATL @ CHI,W,240,113,23
PHI,02/10/2016,PHI vs. SAC,L,239,110,-4
POR,02/10/2016,POR vs. HOU,W,239,116,13
DEN,02/10/2016,DEN @ DET,W,240,103,11
SAC,02/10/2016,SAC @ PHI,W,240,114,4
OKC,02/11/2016,OKC vs. NOP,W,240,121,26
MIL,02/11/2016,MIL vs. WAS,W,241,99,7
NOP,02/11/2016,NOP @ OKC,L,240,95,-26
WAS,02/11/2016,WAS @ MIL,L,240,92,-7
CLE,02/18/2016,CLE vs. CHI,W,242,106,11
CHI,02/18/2016,CHI @ CLE,L,241,95,-11
SAS,02/18/2016,SAS @ LAC,L,238,86,-19
WAS,02/18/2016,WAS vs. UTA,W,242,103,14
UTA,02/18/2016,UTA @ WAS,L,241,89,-14
LAC,02/18/2016,LAC vs. SAS,W,239,105,19
CHI,02/19/2016,CHI vs. TOR,W,240,116,10
DEN,02/19/2016,DEN @ SAC,L,240,110,-6
MIN,02/19/2016,MIN @ MEM,L,240,104,-5
PHI,02/19/2016,PHI @ NOP,L,239,114,-7
DET,02/19/2016,DET @ WAS,L,238,86,-12
ATL,02/19/2016,ATL vs. MIA,L,240,111,-4
GSW,02/19/2016,GSW @ POR,L,240,105,-32
CHA,02/19/2016,CHA @ MIL,W,238,98,3
LAL,02/19/2016,LAL vs. SAS,L,240,113,-6
MIL,02/19/2016,MIL vs. CHA,L,241,95,-3
TOR,02/19/2016,TOR @ CHI,L,240,106,-10
MIA,02/19/2016,MIA @ ATL,W,241,115,4
ORL,02/19/2016,ORL vs. DAL,W,265,110,6
HOU,02/19/2016,HOU @ PHX,W,239,116,16
PHX,02/19/2016,PHX vs. HOU,L,241,100,-16
UTA,02/19/2016,UTA vs. BOS,W,240,111,18
BOS,02/19/2016,BOS @ UTA,L,240,93,-18
POR,02/19/2016,POR vs. GSW,W,240,137,32
BKN,02/19/2016,BKN vs. NYK,W,241,109,11
OKC,02/19/2016,OKC vs. IND,L,240,98,-3
WAS,02/19/2016,WAS vs. DET,W,239,98,12
SAS,02/19/2016,SAS @ LAL,W,240,119,6
DAL,02/19/2016,DAL @ ORL,L,265,104,-6
NYK,02/19/2016,NYK @ BKN,L,241,98,-11
NOP,02/19/2016,NOP vs. PHI,W,239,121,7
MEM,02/19/2016,MEM vs. MIN,W,240,109,5
SAC,02/19/2016,SAC vs. DEN,W,239,116,6
IND,02/19/2016,IND @ OKC,W,238,101,3
WAS,02/20/2016,WAS @ MIA,L,242,94,-20
GSW,02/20/2016,GSW @ LAC,W,242,115,3
MIL,02/20/2016,MIL @ ATL,W,290,117,8
ATL,02/20/2016,ATL vs. MIL,L,289,109,-8
LAC,02/20/2016,LAC vs. GSW,L,242,112,-3
MIN,02/20/2016,MIN vs. NYK,L,240,95,-8
NYK,02/20/2016,NYK @ MIN,W,239,103,8
MIA,02/20/2016,MIA vs. WAS,W,240,114,20
BOS,02/21/2016,BOS @ DEN,W,241,121,20
CHI,02/21/2016,CHI vs. LAL,W,240,126,11
NOP,02/21/2016,NOP @ DET,W,240,111,5
DEN,02/21/2016,DEN vs. BOS,L,239,101,-20
ORL,02/21/2016,ORL vs. IND,L,240,102,-3
CLE,02/21/2016,CLE @ OKC,W,240,115,23
PHI,02/21/2016,PHI @ DAL,L,240,103,-26
MEM,02/21/2016,MEM @ TOR,L,240,85,-13
OKC,02/21/2016,OKC vs. CLE,L,241,92,-23
DET,02/21/2016,DET vs. NOP,L,240,106,-5
LAL,02/21/2016,LAL @ CHI,L,240,115,-11
UTA,02/21/2016,UTA @ POR,L,240,111,-4
BKN,02/21/2016,BKN vs. CHA,L,241,96,-8
SAS,02/21/2016,SAS @ PHX,W,241,118,7
CHA,02/21/2016,CHA @ BKN,W,240,104,8
PHX,02/21/2016,PHX vs. SAS,L,239,111,-7
DAL,02/21/2016,DAL vs. PHI,W,238,129,26
POR,02/21/2016,POR vs. UTA,W,241,115,4
IND,02/21/2016,IND @ ORL,W,240,105,3
TOR,02/21/2016,TOR vs. MEM,W,240,98,13
NYK,02/22/2016,NYK vs. TOR,L,239,95,-27
CLE,02/22/2016,CLE vs. DET,L,239,88,-8
MIA,02/22/2016,MIA vs. IND,W,265,101,8
MIN,02/22/2016,MIN vs. BOS,W,240,124,2
MIL,02/22/2016,MIL vs. LAL,W,239,108,7
ATL,02/22/2016,ATL vs. GSW,L,240,92,-10
IND,02/22/2016,IND @ MIA,L,267,93,-8
LAC,02/22/2016,LAC vs. PHX,W,239,124,40
DET,02/22/2016,DET @ CLE,W,241,96,8
TOR,02/22/2016,TOR @ NYK,W,240,122,27
GSW,02/22/2016,GSW @ ATL,W,240,102,10
LAL,02/22/2016,LAL @ MIL,L,240,101,-7
BOS,02/22/2016,BOS @ MIN,L,240,122,-2
PHX,02/22/2016,PHX @ LAC,L,241,84,-40
HOU,02/23/2016,HOU @ UTA,L,265,114,-3
SAC,02/23/2016,SAC @ DEN,W,239,114,4
POR,02/23/2016,POR vs. BKN,W,241,112,8
PHI,02/23/2016,PHI vs. ORL,L,240,115,-9
ORL,02/23/2016,ORL @ PHI,W,241,124,9
DEN,02/23/2016,DEN vs. SAC,L,241,110,-4
UTA,02/23/2016,UTA vs. HOU,W,265,117,3
BKN,02/23/2016,BKN @ POR,L,240,104,-8
NOP,02/23/2016,NOP @ WAS,L,241,89,-20
WAS,02/23/2016,WAS vs. NOP,W,241,109,20
LAC,02/24/2016,LAC vs. DEN,L,241,81,-6
CHA,02/24/2016,CHA @ CLE,L,241,103,-11
SAS,02/24/2016,SAS @ SAC,W,239,108,16
DAL,02/24/2016,DAL vs. OKC,L,237,103,-13
DET,02/24/2016,DET vs. PHI,W,240,111,20
TOR,02/24/2016,TOR vs. MIN,W,238,114,9
IND,02/24/2016,IND vs. NYK,W,240,108,3
SAC,02/24/2016,SAC vs. SAS,L,241,92,-16
MIA,02/24/2016,MIA vs. GSW,L,242,112,-6
PHI,02/24/2016,PHI @ DET,L,240,91,-20
MEM,02/24/2016,MEM vs. LAL,W,239,128,9
MIN,02/24/2016,MIN @ TOR,L,240,105,-9
LAL,02/24/2016,LAL @ MEM,L,241,119,-9
OKC,02/24/2016,OKC @ DAL,W,241,116,13
NYK,02/24/2016,NYK @ IND,L,241,105,-3
CLE,02/24/2016,CLE vs. CHA,W,240,114,11
GSW,02/24/2016,GSW @ MIA,W,241,118,6
WAS,02/24/2016,WAS @ CHI,L,240,104,-5
CHI,02/24/2016,CHI vs. WAS,W,241,109,5
DEN,02/24/2016,DEN @ LAC,W,241,87,6
POR,02/25/2016,POR vs. HOU,L,241,105,-14
ORL,02/25/2016,ORL vs. GSW,L,241,114,-16
PHX,02/25/2016,PHX vs. BKN,L,240,106,-10
NOP,02/25/2016,NOP vs. OKC,W,241,123,4
BKN,02/25/2016,BKN @ PHX,W,241,116,10
OKC,02/25/2016,OKC @ NOP,L,241,119,-4
SAS,02/25/2016,SAS @ UTA,W,241,96,18
UTA,02/25/2016,UTA vs. SAS,L,241,78,-18
BOS,02/25/2016,BOS vs. MIL,W,240,112,5
MIL,02/25/2016,MIL @ BOS,L,240,107,-5
GSW,02/25/2016,GSW @ ORL,W,241,130,16
HOU,02/25/2016,HOU @ POR,W,241,119,14
MEM,02/26/2016,MEM @ LAL,W,240,112,17
CHI,02/26/2016,CHI @ ATL,L,238,88,-15
DAL,02/26/2016,DAL vs. DEN,W,265,122,6
IND,02/26/2016,IND vs. CHA,L,239,95,-1
WAS,02/26/2016,WAS @ PHI,W,240,103,9
ATL,02/26/2016,ATL vs. CHI,W,240,103,15
DEN,02/26/2016,DEN @ DAL,L,266,116,-6
LAL,02/26/2016,LAL vs. MEM,L,242,95,-17
LAC,02/26/2016,LAC @ SAC,W,241,117,10
TOR,02/26/2016,TOR vs. CLE,W,240,99,2
ORL,02/26/2016,ORL @ NYK,L,239,95,-13
SAC,02/26/2016,SAC vs. LAC,L,240,107,-10
CLE,02/26/2016,CLE @ TOR,L,239,97,-2
PHI,02/26/2016,PHI vs. WAS,L,241,94,-9
NYK,02/26/2016,NYK vs. ORL,W,240,108,13
CHA,02/26/2016,CHA @ IND,W,240,96,1
DET,02/27/2016,DET @ MIL,W,240,102,11
MEM,02/27/2016,MEM @ PHX,L,241,106,-5
OKC,02/27/2016,OKC vs. GSW,L,265,118,-3
SAS,02/27/2016,SAS @ HOU,W,240,104,10
GSW,02/27/2016,GSW @ OKC,W,265,121,3
MIN,02/27/2016,MIN @ NOP,W,241,112,2
PHX,02/27/2016,PHX vs. MEM,W,240,111,5
HOU,02/27/2016,HOU vs. SAS,L,240,94,-10
MIA,02/27/2016,MIA @ BOS,L,240,89,-12
MIL,02/27/2016,MIL vs. DET,L,240,91,-11
UTA,02/27/2016,UTA vs. BKN,L,240,96,-2
POR,02/27/2016,POR @ CHI,W,240,103,8
BOS,02/27/2016,BOS vs. MIA,W,240,101,12
CHI,02/27/2016,CHI vs. POR,L,239,95,-8
NOP,02/27/2016,NOP vs. MIN,L,240,110,-2
BKN,02/27/2016,BKN @ UTA,W,240,98,2
ORL,02/28/2016,ORL vs. PHI,W,240,130,14
TOR,02/28/2016,TOR @ DET,L,241,101,-13
MIA,02/28/2016,MIA @ NYK,W,239,98,17
CLE,02/28/2016,CLE @ WAS,L,239,99,-14
CHA,02/28/2016,CHA @ ATL,L,240,76,-11
DET,02/28/2016,DET vs. TOR,W,240,114,13
NYK,02/28/2016,NYK vs. MIA,L,240,81,-17
ATL,02/28/2016,ATL vs. CHA,W,240,87,11
MIN,02/28/2016,MIN @ DAL,L,239,101,-27
DAL,02/28/2016,DAL vs. MIN,W,240,128,27
PHI,02/28/2016,PHI @ ORL,L,239,116,-14
POR,02/28/2016,POR @ IND,W,242,111,9
IND,02/28/2016,IND vs. POR,L,241,102,-9
WAS,02/28/2016,WAS vs. CLE,W,240,113,14
HOU,02/29/2016,HOU @ MIL,L,240,121,-7
UTA,02/29/2016,UTA @ BOS,L,240,95,-5
MIL,02/29/2016,MIL vs. HOU,W,240,128,7
BOS,02/29/2016,BOS vs. UTA,W,239,100,5
PHI,02/29/2016,PHI @ WAS,L,240,108,-8
BKN,02/29/2016,BKN @ LAC,L,240,95,-10
CLE,02/29/2016,CLE vs. IND,W,240,100,4
MEM,02/29/2016,MEM @ DEN,W,241,103,7
LAC,02/29/2016,LAC vs. BKN,W,239,105,10
SAC,02/29/2016,SAC vs. OKC,L,240,116,-15
DEN,02/29/2016,DEN vs. MEM,L,239,96,-7
IND,02/29/2016,IND @ CLE,L,241,96,-4
OKC,02/29/2016,OKC @ SAC,W,242,131,15
WAS,02/29/2016,WAS vs. PHI,W,239,116,8
LAL,03/01/2016,LAL vs. BKN,W,239,107,6
CHA,03/01/2016,CHA vs. PHX,W,241,126,34
NYK,03/01/2016,NYK vs. POR,L,239,85,-19
CHI,03/01/2016,CHI @ MIA,L,238,111,-18
ATL,03/01/2016,ATL @ GSW,L,264,105,-4
DAL,03/01/2016,DAL vs. ORL,W,241,121,13
MIA,03/01/2016,MIA vs. CHI,W,241,129,18
POR,03/01/2016,POR @ NYK,W,241,104,19
ORL,03/01/2016,ORL @ DAL,L,240,108,-13
BKN,03/01/2016,BKN @ LAL,L,240,101,-6
PHX,03/01/2016,PHX @ CHA,L,239,92,-34
GSW,03/01/2016,GSW vs. ATL,W,264,109,4
BOS,03/02/2016,BOS vs. POR,W,241,116,23
OKC,03/02/2016,OKC @ LAC,L,241,98,-5
WAS,03/02/2016,WAS @ MIN,W,241,104,6
LAL,03/02/2016,LAL @ DEN,L,241,107,-10
UTA,03/02/2016,UTA @ TOR,L,240,94,-10
NOP,03/02/2016,NOP @ HOU,L,240,95,-5
MIN,03/02/2016,MIN vs. WAS,L,240,98,-6
MEM,03/02/2016,MEM vs. SAC,W,241,104,6
IND,03/02/2016,IND @ MIL,W,239,104,5
TOR,03/02/2016,TOR vs. UTA,W,241,104,10
DET,03/02/2016,DET @ SAS,L,240,81,-16
CHA,03/02/2016,CHA @ PHI,W,243,119,20
PHI,03/02/2016,PHI vs. CHA,L,239,99,-20
SAS,03/02/2016,SAS vs. DET,W,241,97,16
LAC,03/02/2016,LAC vs. OKC,W,241,103,5
MIL,03/02/2016,MIL vs. IND,L,240,99,-5
POR,03/02/2016,POR @ BOS,L,240,93,-23
SAC,03/02/2016,SAC @ MEM,L,241,98,-6
CHI,03/02/2016,CHI @ ORL,L,240,89,-13
HOU,03/02/2016,HOU vs. NOP,W,240,100,5
ORL,03/02/2016,ORL vs. CHI,W,241,102,13
DEN,03/02/2016,DEN vs. LAL,W,240,117,10
DAL,03/03/2016,DAL vs. SAC,L,239,101,-3
NOP,03/03/2016,NOP vs. SAS,L,241,86,-8
GSW,03/03/2016,GSW vs. OKC,W,240,121,15
SAC,03/03/2016,SAC @ DAL,W,239,104,3
SAS,03/03/2016,SAS @ NOP,W,241,94,8
OKC,03/03/2016,OKC @ GSW,L,242,106,-15
MIA,03/03/2016,MIA vs. PHX,W,240,108,16
PHX,03/03/2016,PHX @ MIA,L,239,92,-16
POR,03/04/2016,POR @ TOR,L,242,115,-2
BKN,03/04/2016,BKN @ DEN,W,264,121,1
MIL,03/04/2016,MIL vs. MIN,W,240,116,15
ATL,03/04/2016,ATL @ LAL,W,239,106,29
MIN,03/04/2016,MIN @ MIL,L,240,101,-15
TOR,03/04/2016,TOR vs. POR,W,242,117,2
PHI,03/04/2016,PHI vs. MIA,L,240,102,-10
WAS,03/04/2016,WAS @ CLE,L,241,83,-25
NYK,03/04/2016,NYK @ BOS,L,239,104,-1
DEN,03/04/2016,DEN vs. BKN,L,265,120,-1
BOS,03/04/2016,BOS vs. NYK,W,240,105,1
CHA,03/04/2016,CHA vs. IND,W,240,108,7
MEM,03/04/2016,MEM vs. UTA,W,241,94,6
IND,03/04/2016,IND @ CHA,L,239,101,-7
LAL,03/04/2016,LAL vs. ATL,L,239,77,-29
ORL,03/04/2016,ORL vs. PHX,L,242,84,-18
MIA,03/04/2016,MIA @ PHI,W,239,112,10
CLE,03/04/2016,CLE vs. WAS,W,240,108,25
UTA,03/04/2016,UTA @ MEM,L,241,88,-6
PHX,03/04/2016,PHX @ ORL,W,241,102,18
SAS,03/05/2016,SAS vs. SAC,W,240,104,10
CHI,03/05/2016,CHI vs. HOU,W,240,108,8
BOS,03/05/2016,BOS @ CLE,L,239,103,-17
NYK,03/05/2016,NYK vs. DET,W,240,102,13
UTA,03/05/2016,UTA @ NOP,W,239,106,12
IND,03/05/2016,IND @ WAS,W,241,100,1
WAS,03/05/2016,WAS vs. IND,L,240,99,-1
MIN,03/05/2016,MIN vs. BKN,W,239,132,14
DET,03/05/2016,DET @ NYK,L,240,89,-13
LAC,03/05/2016,LAC vs. ATL,L,240,97,-10
CLE,03/05/2016,CLE vs. BOS,W,240,120,17
HOU,03/05/2016,HOU @ CHI,L,241,100,-8
BKN,03/05/2016,BKN @ MIN,L,240,118,-14
ATL,03/05/2016,ATL @ LAC,W,241,107,10
NOP,03/05/2016,NOP vs. UTA,L,240,94,-12
SAC,03/05/2016,SAC @ SAS,L,241,94,-10
PHI,03/06/2016,PHI @ MIA,L,238,98,-5
DEN,03/06/2016,DEN vs. DAL,W,266,116,2
LAL,03/06/2016,LAL vs. GSW,W,239,112,17
MIA,03/06/2016,MIA vs. PHI,W,241,103,5
GSW,03/06/2016,GSW @ LAL,L,241,95,-17
MEM,03/06/2016,MEM vs. PHX,L,241,100,-9
OKC,03/06/2016,OKC @ MIL,W,238,104,8
HOU,03/06/2016,HOU @ TOR,W,241,113,6
PHX,03/06/2016,PHX @ MEM,W,242,109,9
TOR,03/06/2016,TOR vs. HOU,L,238,107,-6
DAL,03/06/2016,DAL @ DEN,L,268,114,-2
POR,03/06/2016,POR @ DET,L,241,103,-20
MIL,03/06/2016,MIL vs. OKC,L,240,96,-8
DET,03/06/2016,DET vs. POR,W,240,123,20
SAS,03/07/2016,SAS @ IND,L,240,91,-8
ORL,03/07/2016,ORL @ GSW,L,241,113,-6
CLE,03/07/2016,CLE vs. MEM,L,241,103,-3
SAC,03/07/2016,SAC @ NOP,L,241,112,-3
DAL,03/07/2016,DAL vs. LAC,L,241,90,-19
MIN,03/07/2016,MIN @ CHA,L,242,103,-5
CHA,03/07/2016,CHA vs. MIN,W,240,108,5
LAC,03/07/2016,LAC @ DAL,W,240,109,19
MEM,03/07/2016,MEM @ CLE,W,242,106,3
IND,03/07/2016,IND vs. SAS,W,241,99,8
CHI,03/07/2016,CHI vs. MIL,W,240,100,10
NOP,03/07/2016,NOP vs. SAC,W,242,115,3
GSW,03/07/2016,GSW vs. ORL,W,239,119,6
MIL,03/07/2016,MIL @ CHI,L,240,90,-10
BKN,03/08/2016,BKN @ TOR,L,239,99,-5
ORL,03/08/2016,ORL @ LAL,L,241,98,-9
LAL,03/08/2016,LAL vs. ORL,W,238,107,9
WAS,03/08/2016,WAS @ POR,L,266,109,-7
DEN,03/08/2016,DEN vs. NYK,W,241,110,16
TOR,03/08/2016,TOR vs. BKN,W,240,104,5
SAS,03/08/2016,SAS @ MIN,W,240,116,25
MIN,03/08/2016,MIN vs. SAS,L,241,91,-25
ATL,03/08/2016,ATL @ UTA,W,240,91,7
NYK,03/08/2016,NYK @ DEN,L,240,94,-16
POR,03/08/2016,POR vs. WAS,W,264,116,7
UTA,03/08/2016,UTA vs. ATL,L,240,84,-7
CHA,03/09/2016,CHA vs. NOP,W,240,122,9
LAC,03/09/2016,LAC @ OKC,L,240,108,-12
DET,03/09/2016,DET @ DAL,W,240,102,6
PHI,03/09/2016,PHI vs. HOU,L,240,104,-14
MEM,03/09/2016,MEM @ BOS,L,241,96,-20
MIL,03/09/2016,MIL vs. MIA,W,240,114,6
DAL,03/09/2016,DAL vs. DET,L,239,96,-6
OKC,03/09/2016,OKC vs. LAC,W,241,120,12
HOU,03/09/2016,HOU @ PHI,W,240,118,14
NYK,03/09/2016,NYK @ PHX,W,239,128,31
GSW,03/09/2016,GSW vs. UTA,W,240,115,21
UTA,03/09/2016,UTA @ GSW,L,241,94,-21
BOS,03/09/2016,BOS vs. MEM,W,241,116,20
SAC,03/09/2016,SAC vs. CLE,L,240,111,-9
PHX,03/09/2016,PHX vs. NYK,L,241,97,-31
CLE,03/09/2016,CLE @ SAC,W,241,120,9
MIA,03/09/2016,MIA @ MIL,L,239,108,-6
NOP,03/09/2016,NOP @ CHA,L,240,113,-9
SAS,03/10/2016,SAS vs. CHI,W,241,109,8
CHI,03/10/2016,CHI @ SAS,L,240,101,-8
TOR,03/10/2016,TOR vs. ATL,W,241,104,8
PHX,03/10/2016,PHX @ DEN,L,241,98,-18
DEN,03/10/2016,DEN vs. PHX,W,240,116,18
CLE,03/10/2016,CLE @ LAL,W,240,120,12
LAL,03/10/2016,LAL vs. CLE,L,239,108,-12
ATL,03/10/2016,ATL @ TOR,L,239,96,-8
CHA,03/11/2016,CHA vs. DET,W,241,118,15
UTA,03/11/2016,UTA vs. WAS,W,239,114,21
NOP,03/11/2016,NOP @ MEM,L,267,114,-7
WAS,03/11/2016,WAS @ UTA,L,240,93,-21
HOU,03/11/2016,HOU @ BOS,W,239,102,4
MIA,03/11/2016,MIA @ CHI,W,242,118,22
LAC,03/11/2016,LAC vs. NYK,W,239,101,7
BOS,03/11/2016,BOS vs. HOU,L,240,98,-4
CHI,03/11/2016,CHI vs. MIA,L,240,96,-22
DET,03/11/2016,DET @ CHA,L,239,103,-15
SAC,03/11/2016,SAC vs. ORL,L,239,100,-7
POR,03/11/2016,POR @ GSW,L,240,112,-16
NYK,03/11/2016,NYK @ LAC,L,239,94,-7
MIN,03/11/2016,MIN @ OKC,W,241,99,3
OKC,03/11/2016,OKC vs. MIN,L,240,96,-3
PHI,03/11/2016,PHI vs. BKN,W,241,95,6
BKN,03/11/2016,BKN @ PHI,L,241,89,-6
ORL,03/11/2016,ORL @ SAC,W,240,107,7
MEM,03/11/2016,MEM vs. NOP,W,266,121,7
GSW,03/11/2016,GSW vs. POR,W,241,128,16
DAL,03/12/2016,DAL vs. IND,L,239,105,-7
ATL,03/12/2016,ATL vs. MEM,W,239,95,12
ORL,03/12/2016,ORL @ POR,L,240,84,-37
DET,03/12/2016,DET @ PHI,W,241,125,14
DEN,03/12/2016,DEN vs. WAS,W,241,116,16
GSW,03/12/2016,GSW vs. PHX,W,239,123,7
CHA,03/12/2016,CHA vs. HOU,W,242,125,16
PHI,03/12/2016,PHI vs. DET,L,241,111,-14
IND,03/12/2016,IND @ DAL,W,240,112,7
TOR,03/12/2016,TOR vs. MIA,W,265,112,8
MEM,03/12/2016,MEM @ ATL,L,241,83,-12
SAS,03/12/2016,SAS vs. OKC,W,239,93,8
WAS,03/12/2016,WAS @ DEN,L,239,100,-16
MIA,03/12/2016,MIA @ TOR,L,265,104,-8
PHX,03/12/2016,PHX @ GSW,L,238,116,-7
HOU,03/12/2016,HOU @ CHA,L,240,109,-16
MIL,03/12/2016,MIL vs. NOP,W,240,103,11
NOP,03/12/2016,NOP @ MIL,L,241,92,-11
POR,03/12/2016,POR vs. ORL,W,240,121,37
OKC,03/12/2016,OKC @ SAS,L,239,85,-8
SAC,03/13/2016,SAC vs. UTA,L,241,99,-9
LAC,03/13/2016,LAC vs. CLE,L,240,90,-24
NYK,03/13/2016,NYK @ LAL,W,240,90,3
UTA,03/13/2016,UTA @ SAC,W,240,108,9
LAL,03/13/2016,LAL vs. NYK,L,240,87,-3
CLE,03/13/2016,CLE @ LAC,W,239,114,24
IND,03/13/2016,IND @ ATL,L,241,75,-29
ATL,03/13/2016,ATL vs. IND,W,240,104,29
BKN,03/13/2016,BKN vs. MIL,L,241,100,-9
MIL,03/13/2016,MIL @ BKN,W,242,109,9
HOU,03/14/2016,HOU vs. MEM,W,240,130,49
MIA,03/14/2016,MIA vs. DEN,W,241,124,5
MEM,03/14/2016,MEM @ HOU,L,240,81,-49
CLE,03/14/2016,CLE @ UTA,L,240,85,-9
POR,03/14/2016,POR @ OKC,L,241,94,-34
MIN,03/14/2016,MIN @ PHX,L,240,104,-3
PHX,03/14/2016,PHX vs. MIN,W,241,107,3
OKC,03/14/2016,OKC vs. POR,W,240,128,34
WAS,03/14/2016,WAS vs. DET,W,241,124,43
GSW,03/14/2016,GSW vs. NOP,W,238,125,18
DEN,03/14/2016,DEN @ MIA,L,241,119,-5
UTA,03/14/2016,UTA vs. CLE,W,240,94,9
NOP,03/14/2016,NOP @ GSW,L,241,107,-18
DET,03/14/2016,DET @ WAS,L,241,81,-43
CHI,03/14/2016,CHI @ TOR,W,240,109,2
TOR,03/14/2016,TOR vs. CHI,L,241,107,-2
DAL,03/14/2016,DAL @ CHA,W,240,107,11
CHA,03/14/2016,CHA vs. DAL,L,241,96,-11
IND,03/15/2016,IND vs. BOS,W,240,103,5
TOR,03/15/2016,TOR @ MIL,W,242,107,18
LAL,03/15/2016,LAL vs. SAC,L,239,98,-8
MIL,03/15/2016,MIL vs. TOR,L,240,89,-18
DEN,03/15/2016,DEN @ ORL,L,241,110,-6
ORL,03/15/2016,ORL vs. DEN,W,239,116,6
SAC,03/15/2016,SAC @ LAL,W,240,106,8
LAC,03/15/2016,LAC @ SAS,L,241,87,-21
BKN,03/15/2016,BKN vs. PHI,W,240,131,17
SAS,03/15/2016,SAS vs. LAC,W,238,108,21
PHI,03/15/2016,PHI @ BKN,L,240,114,-17
BOS,03/15/2016,BOS @ IND,L,241,98,-5
SAC,03/16/2016,SAC vs. NOP,L,241,108,-15
CLE,03/16/2016,CLE vs. DAL,W,241,99,1
DAL,03/16/2016,DAL @ CLE,L,240,98,-1
NOP,03/16/2016,NOP @ SAC,W,240,123,15
MIN,03/16/2016,MIN @ MEM,W,241,114,6
CHA,03/16/2016,CHA vs. ORL,W,240,107,8
MEM,03/16/2016,MEM vs. MIN,L,240,108,-6
CHI,03/16/2016,CHI @ WAS,L,241,96,-21
HOU,03/16/2016,HOU vs. LAC,L,241,106,-16
ORL,03/16/2016,ORL @ CHA,L,239,99,-8
LAC,03/16/2016,LAC @ HOU,W,240,122,16
GSW,03/16/2016,GSW vs. NYK,W,241,121,36
BOS,03/16/2016,BOS vs. OKC,L,241,109,-21
WAS,03/16/2016,WAS vs. CHI,W,240,117,21
DET,03/16/2016,DET vs. ATL,L,240,114,-4
OKC,03/16/2016,OKC @ BOS,W,241,130,21
NYK,03/16/2016,NYK @ GSW,L,240,85,-36
ATL,03/16/2016,ATL @ DET,W,239,118,4
IND,03/17/2016,IND vs. TOR,L,265,94,-7
MIL,03/17/2016,MIL vs. MEM,W,241,96,10
PHI,03/17/2016,PHI vs. WAS,L,240,94,-5
UTA,03/17/2016,UTA vs. PHX,W,241,103,34
MIA,03/17/2016,MIA vs. CHA,L,240,106,-3
POR,03/17/2016,POR @ SAS,L,240,110,-8
TOR,03/17/2016,TOR @ IND,W,264,101,7
SAS,03/17/2016,SAS vs. POR,W,239,118,8
DEN,03/17/2016,DEN @ ATL,L,240,98,-18
WAS,03/17/2016,WAS @ PHI,W,240,99,5
PHX,03/17/2016,PHX @ UTA,L,239,69,-34
CHA,03/17/2016,CHA @ MIA,W,239,109,3
ATL,03/17/2016,ATL vs. DEN,W,241,116,18
MEM,03/17/2016,MEM @ MIL,L,239,86,-10
CHI,03/17/2016,CHI vs. BKN,W,239,118,16
BKN,03/17/2016,BKN @ CHI,L,240,102,-16
ORL,03/18/2016,ORL vs. CLE,L,238,103,-6
NOP,03/18/2016,NOP vs. POR,L,241,112,-5
CLE,03/18/2016,CLE @ ORL,W,241,109,6
POR,03/18/2016,POR @ NOP,W,240,117,5
DAL,03/18/2016,DAL vs. GSW,L,238,112,-18
TOR,03/18/2016,TOR vs. BOS,W,242,105,14
GSW,03/18/2016,GSW @ DAL,W,240,130,18
MIN,03/18/2016,MIN @ HOU,L,240,111,-5
PHI,03/18/2016,PHI vs. OKC,L,241,97,-14
BOS,03/18/2016,BOS @ TOR,L,242,91,-14
DET,03/18/2016,DET vs. SAC,W,240,115,7
HOU,03/18/2016,HOU vs. MIN,W,240,116,5
SAC,03/18/2016,SAC @ DET,L,241,108,-7
PHX,03/18/2016,PHX @ LAL,W,240,95,5
OKC,03/18/2016,OKC @ PHI,W,239,111,14
LAL,03/18/2016,LAL vs. PHX,L,240,90,-5
BKN,03/19/2016,BKN @ DET,L,240,103,-12
SAS,03/19/2016,SAS vs. GSW,W,240,87,8
CHI,03/19/2016,CHI vs. UTA,W,240,92,7
NYK,03/19/2016,NYK @ WAS,L,240,89,-10
IND,03/19/2016,IND vs. OKC,L,239,111,-4
ATL,03/19/2016,ATL vs. HOU,W,239,109,12
DET,03/19/2016,DET vs. BKN,W,240,115,12
DEN,03/19/2016,DEN @ CHA,W,241,101,8
GSW,03/19/2016,GSW @ SAS,L,240,79,-8
MIA,03/19/2016,MIA vs. CLE,W,239,122,21
MEM,03/19/2016,MEM vs. LAC,W,241,113,11
OKC,03/19/2016,OKC @ IND,W,240,115,4
HOU,03/19/2016,HOU @ ATL,L,241,97,-12
UTA,03/19/2016,UTA @ CHI,L,241,85,-7
WAS,03/19/2016,WAS vs. NYK,W,240,99,10
CHA,03/19/2016,CHA vs. DEN,L,240,93,-8
LAC,03/19/2016,LAC @ MEM,L,240,102,-11
CLE,03/19/2016,CLE @ MIA,L,240,101,-21
BOS,03/20/2016,BOS @ PHI,W,239,120,15
TOR,03/20/2016,TOR vs. ORL,W,240,105,5
NOP,03/20/2016,NOP vs. LAC,W,241,109,4
PHI,03/20/2016,PHI vs. BOS,L,239,105,-15
SAC,03/20/2016,SAC @ NYK,W,240,88,8
ORL,03/20/2016,ORL @ TOR,L,240,100,-5
DAL,03/20/2016,DAL vs. POR,W,266,132,12
POR,03/20/2016,POR @ DAL,L,265,120,-12
NYK,03/20/2016,NYK vs. SAC,L,240,80,-8
UTA,03/20/2016,UTA @ MIL,W,240,94,9
LAC,03/20/2016,LAC @ NOP,L,239,105,-4
MIL,03/20/2016,MIL vs. UTA,L,240,85,-9
IND,03/21/2016,IND vs. PHI,W,240,91,16
CHA,03/21/2016,CHA vs. SAS,W,241,91,3
ATL,03/21/2016,ATL vs. WAS,L,239,102,-15
CHI,03/21/2016,CHI vs. SAC,W,240,109,7
PHI,03/21/2016,PHI @ IND,L,240,75,-16
GSW,03/21/2016,GSW @ MIN,W,239,109,5
WAS,03/21/2016,WAS @ ATL,W,240,117,15
SAS,03/21/2016,SAS @ CHA,L,241,88,-3
DET,03/21/2016,DET vs. MIL,W,240,92,1
MEM,03/21/2016,MEM @ PHX,W,241,103,6
MIN,03/21/2016,MIN vs. GSW,L,240,104,-5
BOS,03/21/2016,BOS vs. ORL,W,239,107,11
SAC,03/21/2016,SAC @ CHI,L,240,102,-7
ORL,03/21/2016,ORL @ BOS,L,240,96,-11
MIL,03/21/2016,MIL @ DET,L,241,91,-1
CLE,03/21/2016,CLE vs. DEN,W,240,124,33
PHX,03/21/2016,PHX vs. MEM,L,239,97,-6
DEN,03/21/2016,DEN @ CLE,L,241,91,-33
HOU,03/22/2016,HOU @ OKC,L,239,107,-4
BKN,03/22/2016,BKN vs. CHA,L,240,100,-5
NOP,03/22/2016,NOP vs. MIA,L,239,99,-14
CHA,03/22/2016,CHA @ BKN,W,240,105,5
MIA,03/22/2016,MIA @ NOP,W,239,113,14
OKC,03/22/2016,OKC vs. HOU,W,241,111,4
MEM,03/22/2016,MEM @ LAL,L,239,100,-7
LAL,03/22/2016,LAL vs. MEM,W,239,107,7
MIN,03/23/2016,MIN vs. SAC,W,239,113,9
ORL,03/23/2016,ORL @ DET,L,240,102,-16
WAS,03/23/2016,WAS vs. ATL,L,239,101,-21
PHI,03/23/2016,PHI @ DEN,L,240,103,-1
MIL,03/23/2016,MIL @ CLE,L,241,104,-9
CLE,03/23/2016,CLE vs. MIL,W,239,113,9
SAC,03/23/2016,SAC @ MIN,L,240,104,-9
CHI,03/23/2016,CHI vs. NYK,L,240,107,-8
GSW,03/23/2016,GSW vs. LAC,W,238,114,16
UTA,03/23/2016,UTA @ HOU,W,241,89,2
TOR,03/23/2016,TOR @ BOS,L,239,79,-12
DEN,03/23/2016,DEN vs. PHI,W,240,104,1
DET,03/23/2016,DET vs. ORL,W,240,118,16
SAS,03/23/2016,SAS vs. MIA,W,239,112,24
PHX,03/23/2016,PHX vs. LAL,W,240,119,12
MIA,03/23/2016,MIA @ SAS,L,241,88,-24
HOU,03/23/2016,HOU vs. UTA,L,240,87,-2
ATL,03/23/2016,ATL @ WAS,W,239,122,21
DAL,03/23/2016,DAL @ POR,L,238,103,-6
BOS,03/23/2016,BOS vs. TOR,W,240,91,12
LAL,03/23/2016,LAL @ PHX,L,240,107,-12
NYK,03/23/2016,NYK @ CHI,W,241,115,8
POR,03/23/2016,POR vs. DAL,W,240,109,6
LAC,03/23/2016,LAC @ GSW,L,238,98,-16
LAC,03/24/2016,LAC vs. POR,W,239,96,2
CLE,03/24/2016,CLE @ BKN,L,238,95,-9
CHI,03/24/2016,CHI @ NYK,L,240,94,-12
NOP,03/24/2016,NOP @ IND,L,240,84,-8
BKN,03/24/2016,BKN vs. CLE,W,240,104,9
IND,03/24/2016,IND vs. NOP,W,240,92,8
NYK,03/24/2016,NYK vs. CHI,W,240,106,12
POR,03/24/2016,POR @ LAC,L,241,94,-2
OKC,03/24/2016,OKC vs. UTA,W,240,113,22
UTA,03/24/2016,UTA @ OKC,L,240,91,-22
GSW,03/25/2016,GSW vs. DAL,W,239,128,8
MIA,03/25/2016,MIA vs. ORL,W,239,108,11
LAL,03/25/2016,LAL vs. DEN,L,241,105,-11
CHA,03/25/2016,CHA @ DET,L,241,105,-7
DET,03/25/2016,DET vs. CHA,W,240,112,7
ATL,03/25/2016,ATL vs. MIL,W,240,101,11
DEN,03/25/2016,DEN @ LAL,W,241,116,11
MEM,03/25/2016,MEM @ SAS,L,241,104,-6
DAL,03/25/2016,DAL @ GSW,L,241,120,-8
SAS,03/25/2016,SAS vs. MEM,W,240,110,6
TOR,03/25/2016,TOR @ HOU,L,240,109,-3
HOU,03/25/2016,HOU vs. TOR,W,240,112,3
MIN,03/25/2016,MIN @ WAS,W,291,132,3
SAC,03/25/2016,SAC vs. PHX,W,240,116,22
ORL,03/25/2016,ORL @ MIA,L,240,97,-11
WAS,03/25/2016,WAS vs. MIN,L,290,129,-3
PHX,03/25/2016,PHX @ SAC,L,238,94,-22
MIL,03/25/2016,MIL @ ATL,L,240,90,-11
IND,03/26/2016,IND @ BKN,L,240,110,-10
UTA,03/26/2016,UTA @ MIN,W,239,93,9
OKC,03/26/2016,OKC vs. SAS,W,241,111,19
POR,03/26/2016,POR vs. PHI,W,240,108,3
CHI,03/26/2016,CHI @ ORL,L,240,89,-22
PHX,03/26/2016,PHX vs. BOS,L,240,99,-3
TOR,03/26/2016,TOR @ NOP,W,239,115,24
NOP,03/26/2016,NOP vs. TOR,L,241,91,-24
MIN,03/26/2016,MIN vs. UTA,L,240,84,-9
CLE,03/26/2016,CLE @ NYK,W,239,107,14
NYK,03/26/2016,NYK vs. CLE,L,240,93,-14
CHA,03/26/2016,CHA @ MIL,W,241,115,24
SAS,03/26/2016,SAS @ OKC,L,239,92,-19
BOS,03/26/2016,BOS @ PHX,W,240,102,3
PHI,03/26/2016,PHI @ POR,L,241,105,-3
ATL,03/26/2016,ATL @ DET,W,240,112,17
MIL,03/26/2016,MIL vs. CHA,L,239,91,-24
DET,03/26/2016,DET vs. ATL,L,241,95,-17
BKN,03/26/2016,BKN vs. IND,W,240,120,10
ORL,03/26/2016,ORL vs. CHI,W,240,111,22
SAC,03/27/2016,SAC vs. DAL,W,240,133,22
DEN,03/27/2016,DEN @ LAC,L,240,90,-15
WAS,03/27/2016,WAS @ LAL,W,239,101,13
LAC,03/27/2016,LAC vs. DEN,W,239,105,15
GSW,03/27/2016,GSW vs. PHI,W,239,117,12
DAL,03/27/2016,DAL @ SAC,L,239,111,-22
HOU,03/27/2016,HOU @ IND,L,241,101,-3
IND,03/27/2016,IND vs. HOU,W,241,104,3
PHI,03/27/2016,PHI @ GSW,L,241,105,-12
LAL,03/27/2016,LAL vs. WAS,L,240,88,-13
TOR,03/28/2016,TOR vs. OKC,L,239,100,-19
SAC,03/28/2016,SAC @ POR,L,240,93,-12
BOS,03/28/2016,BOS @ LAC,L,240,90,-24
PHX,03/28/2016,PHX @ MIN,L,240,116,-5
MEM,03/28/2016,MEM vs. SAS,L,239,87,-14
BKN,03/28/2016,BKN @ MIA,L,239,99,-11
LAL,03/28/2016,LAL @ UTA,L,241,75,-48
MIN,03/28/2016,MIN vs. PHX,W,239,121,5
SAS,03/28/2016,SAS @ MEM,W,239,101,14
ATL,03/28/2016,ATL @ CHI,W,238,102,2
LAC,03/28/2016,LAC vs. BOS,W,240,114,24
DEN,03/28/2016,DEN vs. DAL,L,241,88,-9
DAL,03/28/2016,DAL @ DEN,W,241,97,9
POR,03/28/2016,POR vs. SAC,W,241,105,12
NYK,03/28/2016,NYK @ NOP,L,240,91,-8
UTA,03/28/2016,UTA vs. LAL,W,241,123,48
CHI,03/28/2016,CHI vs. ATL,L,240,100,-2
OKC,03/28/2016,OKC @ TOR,W,241,119,19
NOP,03/28/2016,NOP vs. NYK,W,240,99,8
MIA,03/28/2016,MIA vs. BKN,W,241,110,11
IND,03/29/2016,IND vs. CHI,L,241,96,-2
OKC,03/29/2016,OKC @ DET,L,239,82,-6
HOU,03/29/2016,HOU @ CLE,W,240,106,6
PHI,03/29/2016,PHI vs. CHA,L,240,85,-15
CLE,03/29/2016,CLE vs. HOU,L,241,100,-6
CHI,03/29/2016,CHI @ IND,W,242,98,2
BKN,03/29/2016,BKN @ ORL,L,240,105,-34
GSW,03/29/2016,GSW vs. WAS,W,240,102,8
ORL,03/29/2016,ORL vs. BKN,W,240,139,34
CHA,03/29/2016,CHA @ PHI,W,240,100,15
WAS,03/29/2016,WAS @ GSW,L,241,94,-8
DET,03/29/2016,DET vs. OKC,W,241,88,6
SAS,03/30/2016,SAS vs. NOP,W,241,100,8
MIA,03/30/2016,MIA @ LAL,L,265,100,-2
DAL,03/30/2016,DAL vs. NYK,W,240,91,2
UTA,03/30/2016,UTA vs. GSW,L,265,96,-7
DEN,03/30/2016,DEN @ MEM,W,240,109,4
NOP,03/30/2016,NOP @ SAS,L,241,92,-8
GSW,03/30/2016,GSW @ UTA,W,264,103,7
NYK,03/30/2016,NYK @ DAL,L,241,89,-2
PHX,03/30/2016,PHX @ MIL,L,240,94,-11
WAS,03/30/2016,WAS @ SAC,L,239,111,-9
MEM,03/30/2016,MEM vs. DEN,L,240,105,-4
LAC,03/30/2016,LAC @ MIN,W,241,99,20
MIL,03/30/2016,MIL vs. PHX,W,240,105,11
ATL,03/30/2016,ATL @ TOR,L,240,97,-8
TOR,03/30/2016,TOR vs. ATL,W,240,105,8
SAC,03/30/2016,SAC vs. WAS,W,240,120,9
MIN,03/30/2016,MIN vs. LAC,L,239,79,-20
LAL,03/30/2016,LAL vs. MIA,W,265,102,2
POR,03/31/2016,POR vs. BOS,W,238,116,7
DEN,03/31/2016,DEN @ NOP,L,241,95,-6
BOS,03/31/2016,BOS @ POR,L,240,109,-7
CLE,03/31/2016,CLE vs. BKN,W,241,107,20
CHI,03/31/2016,CHI @ HOU,W,240,103,3
IND,03/31/2016,IND vs. ORL,L,239,94,-20
HOU,03/31/2016,HOU vs. CHI,L,240,100,-3
LAC,03/31/2016,LAC @ OKC,L,239,117,-2
NOP,03/31/2016,NOP vs. DEN,W,239,101,6
OKC,03/31/2016,OKC vs. LAC,W,240,119,2
ORL,03/31/2016,ORL @ IND,W,239,114,20
BKN,03/31/2016,BKN @ CLE,L,241,87,-20
MIN,04/01/2016,MIN @ UTA,L,238,85,-13
MEM,04/01/2016,MEM vs. TOR,L,240,95,-4
BOS,04/01/2016,BOS @ GSW,W,240,109,3
CLE,04/01/2016,CLE @ ATL,W,265,110,2
GSW,04/01/2016,GSW vs. BOS,L,239,106,-3
PHX,04/01/2016,PHX vs. WAS,L,241,99,-7
WAS,04/01/2016,WAS @ PHX,W,240,106,7
MIL,04/01/2016,MIL vs. ORL,W,240,113,3
DAL,04/01/2016,DAL @ DET,W,240,98,9
ORL,04/01/2016,ORL @ MIL,L,242,110,-3
CHA,04/01/2016,CHA vs. PHI,W,240,100,9
UTA,04/01/2016,UTA vs. MIN,W,239,98,13
NYK,04/01/2016,NYK vs. BKN,W,240,105,14
MIA,04/01/2016,MIA @ SAC,W,238,112,6
SAC,04/01/2016,SAC vs. MIA,L,241,106,-6
TOR,04/01/2016,TOR @ MEM,W,239,99,4
PHI,04/01/2016,PHI @ CHA,L,241,91,-9
ATL,04/01/2016,ATL vs. CLE,L,264,108,-2
DET,04/01/2016,DET vs. DAL,L,240,89,-9
BKN,04/01/2016,BKN @ NYK,L,241,91,-14
DET,04/02/2016,DET @ CHI,W,239,94,4
PHI,04/02/2016,PHI vs. IND,L,240,102,-13
TOR,04/02/2016,TOR @ SAS,L,241,95,-7
SAC,04/02/2016,SAC @ DEN,W,241,115,9
POR,04/02/2016,POR vs. MIA,W,240,110,17
MIA,04/02/2016,MIA @ POR,L,240,93,-17
CHI,04/02/2016,CHI vs. DET,L,241,90,-4
IND,04/02/2016,IND @ PHI,W,240,115,13
DEN,04/02/2016,DEN vs. SAC,L,239,106,-9
SAS,04/02/2016,SAS vs. TOR,W,239,102,7
DAL,04/03/2016,DAL @ MIN,W,240,88,10
LAC,04/03/2016,LAC vs. WAS,W,240,114,5
CHI,04/03/2016,CHI @ MIL,W,240,102,4
IND,04/03/2016,IND @ NYK,W,241,92,5
LAL,04/03/2016,LAL vs. BOS,L,241,100,-7
BKN,04/03/2016,BKN vs. NOP,L,240,87,-19
WAS,04/03/2016,WAS @ LAC,L,240,109,-5
MIN,04/03/2016,MIN vs. DAL,L,238,78,-10
HOU,04/03/2016,HOU vs. OKC,W,240,118,8
GSW,04/03/2016,GSW vs. POR,W,239,136,25
BOS,04/03/2016,BOS @ LAL,W,240,107,7
PHX,04/03/2016,PHX vs. UTA,L,239,86,-15
MIL,04/03/2016,MIL vs. CHI,L,240,98,-4
MEM,04/03/2016,MEM @ ORL,L,241,107,-12
UTA,04/03/2016,UTA @ PHX,W,240,101,15
ORL,04/03/2016,ORL vs. MEM,W,240,119,12
CLE,04/03/2016,CLE vs. CHA,W,239,112,9
NYK,04/03/2016,NYK vs. IND,L,238,87,-5
POR,04/03/2016,POR @ GSW,L,239,111,-25
CHA,04/03/2016,CHA @ CLE,L,240,103,-9
OKC,04/03/2016,OKC @ HOU,L,239,110,-8
NOP,04/03/2016,NOP @ BKN,W,240,106,19
PHI,04/05/2016,PHI vs. NOP,W,242,107,14
CHI,04/05/2016,CHI @ MEM,L,239,92,-16
DEN,04/05/2016,DEN vs. OKC,L,241,102,-22
OKC,04/05/2016,OKC @ DEN,W,242,124,22
CLE,04/05/2016,CLE @ MIL,W,241,109,29
MIL,04/05/2016,MIL vs. CLE,L,242,80,-29
MIA,04/05/2016,MIA vs. DET,W,240,107,18
SAC,04/05/2016,SAC vs. POR,L,240,107,-8
MEM,04/05/2016,MEM vs. CHI,W,240,108,16
DET,04/05/2016,DET @ MIA,L,239,89,-18
CHA,04/05/2016,CHA @ TOR,L,239,90,-6
TOR,04/05/2016,TOR vs. CHA,W,241,96,6
PHX,04/05/2016,PHX @ ATL,L,242,90,-13
POR,04/05/2016,POR @ SAC,W,239,115,8
MIN,04/05/2016,MIN @ GSW,W,266,124,7
LAL,04/05/2016,LAL @ LAC,L,240,81,-22
GSW,04/05/2016,GSW vs. MIN,L,266,117,-7
NOP,04/05/2016,NOP @ PHI,L,241,93,-14
ATL,04/05/2016,ATL vs. PHX,W,242,103,13
SAS,04/05/2016,SAS @ UTA,W,240,88,2
UTA,04/05/2016,UTA vs. SAS,L,239,86,-2
LAC,04/05/2016,LAC vs. LAL,W,240,103,22
IND,04/06/2016,IND vs. CLE,W,240,123,14
BKN,04/06/2016,BKN @ WAS,L,242,103,-18
NYK,04/06/2016,NYK vs. CHA,L,239,97,-14
CLE,04/06/2016,CLE @ IND,L,239,109,-14
BOS,04/06/2016,BOS vs. NOP,W,240,104,7
DAL,04/06/2016,DAL vs. HOU,W,240,88,2
LAC,04/06/2016,LAC @ LAL,W,240,91,10
CHA,04/06/2016,CHA @ NYK,W,240,111,14
DET,04/06/2016,DET @ ORL,W,240,108,4
LAL,04/06/2016,LAL vs. LAC,L,241,81,-10
OKC,04/06/2016,OKC @ POR,L,241,115,-5
WAS,04/06/2016,WAS vs. BKN,W,238,121,18
ORL,04/06/2016,ORL vs. DET,L,239,104,-4
POR,04/06/2016,POR vs. OKC,W,239,120,5
NOP,04/06/2016,NOP @ BOS,L,240,97,-7
HOU,04/06/2016,HOU @ DAL,L,239,86,-2
SAS,04/07/2016,SAS @ GSW,L,241,101,-11
MIA,04/07/2016,MIA vs. CHI,W,240,106,8
SAC,04/07/2016,SAC vs. MIN,L,240,97,-8
ATL,04/07/2016,ATL vs. TOR,W,239,95,8
PHX,04/07/2016,PHX @ HOU,W,240,124,9
CHI,04/07/2016,CHI @ MIA,L,240,98,-8
GSW,04/07/2016,GSW vs. SAS,W,241,112,11
HOU,04/07/2016,HOU vs. PHX,L,239,115,-9
MIN,04/07/2016,MIN @ SAC,W,240,105,8
TOR,04/07/2016,TOR @ ATL,L,240,87,-8
SAS,04/08/2016,SAS @ DEN,L,240,98,-4
WAS,04/08/2016,WAS @ DET,L,240,99,-13
NYK,04/08/2016,NYK @ PHI,W,241,109,7
MIA,04/08/2016,MIA @ ORL,L,239,109,-3
BOS,04/08/2016,BOS vs. MIL,W,239,124,15
UTA,04/08/2016,UTA vs. LAC,L,264,99,-3
DAL,04/08/2016,DAL vs. MEM,W,240,103,10
ORL,04/08/2016,ORL vs. MIA,W,240,112,3
DET,04/08/2016,DET vs. WAS,W,239,112,13
DEN,04/08/2016,DEN vs. SAS,W,241,102,4
IND,04/08/2016,IND @ TOR,L,241,98,-13
LAL,04/08/2016,LAL @ NOP,L,240,102,-8
PHI,04/08/2016,PHI vs. NYK,L,240,102,-7
BKN,04/08/2016,BKN @ CHA,L,240,99,-14
NOP,04/08/2016,NOP vs. LAL,W,239,110,8
MEM,04/08/2016,MEM @ DAL,L,242,93,-10
LAC,04/08/2016,LAC @ UTA,W,266,102,3
TOR,04/08/2016,TOR vs. IND,W,241,111,13
CHA,04/08/2016,CHA vs. BKN,W,239,113,14
MIL,04/08/2016,MIL @ BOS,L,240,109,-15
MIN,04/09/2016,MIN @ POR,W,239,106,1
CLE,04/09/2016,CLE @ CHI,L,242,102,-3
CHI,04/09/2016,CHI vs. CLE,W,240,105,3
ATL,04/09/2016,ATL vs. BOS,W,240,118,11
BOS,04/09/2016,BOS @ ATL,L,241,107,-11
POR,04/09/2016,POR vs. MIN,L,240,105,-1
GSW,04/09/2016,GSW @ MEM,W,239,100,1
PHX,04/09/2016,PHX @ NOP,W,239,121,21
MEM,04/09/2016,MEM vs. GSW,L,242,99,-1
SAC,04/09/2016,SAC vs. OKC,W,240,114,2
OKC,04/09/2016,OKC @ SAC,L,239,112,-2
NOP,04/09/2016,NOP vs. PHX,L,240,100,-21
LAL,04/10/2016,LAL @ HOU,L,239,110,-20
DEN,04/10/2016,DEN vs. UTA,L,241,84,-16
ORL,04/10/2016,ORL @ MIA,L,242,96,-22
UTA,04/10/2016,UTA @ DEN,W,240,100,16
IND,04/10/2016,IND vs. BKN,W,240,129,24
MIL,04/10/2016,MIL @ PHI,W,265,109,1
MIA,04/10/2016,MIA vs. ORL,W,241,118,22
DAL,04/10/2016,DAL @ LAC,L,242,91,-7
WAS,04/10/2016,WAS vs. CHA,W,241,113,15
SAS,04/10/2016,SAS vs. GSW,L,239,86,-6
NYK,04/10/2016,NYK vs. TOR,L,240,89,-4
HOU,04/10/2016,HOU vs. LAL,W,240,130,20
CHA,04/10/2016,CHA @ WAS,L,241,98,-15
LAC,04/10/2016,LAC vs. DAL,W,240,98,7
TOR,04/10/2016,TOR @ NYK,W,240,93,4
GSW,04/10/2016,GSW @ SAS,W,238,92,6
PHI,04/10/2016,PHI vs. MIL,L,264,108,-1
BKN,04/10/2016,BKN @ IND,L,240,105,-24
ATL,04/11/2016,ATL @ CLE,L,240,94,-15
WAS,04/11/2016,WAS @ BKN,W,241,120,9
NOP,04/11/2016,NOP vs. CHI,L,241,116,-5
BOS,04/11/2016,BOS vs. CHA,L,240,100,-14
OKC,04/11/2016,OKC vs. LAL,W,239,112,33
CLE,04/11/2016,CLE vs. ATL,W,240,109,15
CHA,04/11/2016,CHA @ BOS,W,240,114,14
MIN,04/11/2016,MIN vs. HOU,L,239,105,-24
PHX,04/11/2016,PHX vs. SAC,L,239,101,-4
BKN,04/11/2016,BKN vs. WAS,L,240,111,-9
CHI,04/11/2016,CHI @ NOP,W,239,121,5
LAL,04/11/2016,LAL @ OKC,L,240,79,-33
UTA,04/11/2016,UTA vs. DAL,L,240,92,-9
DAL,04/11/2016,DAL @ UTA,W,239,101,9
ORL,04/11/2016,ORL vs. MIL,W,240,107,9
HOU,04/11/2016,HOU @ MIN,W,239,129,24
SAC,04/11/2016,SAC @ PHX,W,240,105,4
MIL,04/11/2016,MIL @ ORL,L,241,98,-9
IND,04/12/2016,IND vs. NYK,W,241,102,12
MEM,04/12/2016,MEM @ LAC,L,240,84,-26
LAC,04/12/2016,LAC vs. MEM,W,239,110,26
PHI,04/12/2016,PHI @ TOR,L,240,98,-24
DET,04/12/2016,DET vs. MIA,L,240,93,-6
NYK,04/12/2016,NYK @ IND,L,240,90,-12
OKC,04/12/2016,OKC @ SAS,L,265,98,-4
MIA,04/12/2016,MIA @ DET,W,239,99,6
SAS,04/12/2016,SAS vs. OKC,W,264,102,4
TOR,04/12/2016,TOR vs. PHI,W,239,122,24
MEM,04/13/2016,MEM @ GSW,L,240,104,-21
GSW,04/13/2016,GSW vs. MEM,W,240,125,21
DET,04/13/2016,DET @ CLE,W,266,112,2
LAL,04/13/2016,LAL vs. UTA,W,239,101,5
ATL,04/13/2016,ATL @ WAS,L,240,98,-11
WAS,04/13/2016,WAS vs. ATL,W,240,109,11
POR,04/13/2016,POR vs. DEN,W,241,107,8
DEN,04/13/2016,DEN @ POR,L,240,99,-8
CHI,04/13/2016,CHI vs. PHI,W,240,115,10
NOP,04/13/2016,NOP @ MIN,L,240,109,-35
CHA,04/13/2016,CHA vs. ORL,W,240,117,14
MIA,04/13/2016,MIA @ BOS,L,240,88,-10
HOU,04/13/2016,HOU vs. SAC,W,239,116,35
SAS,04/13/2016,SAS @ DAL,W,240,96,5
SAC,04/13/2016,SAC @ HOU,L,238,81,-35
ORL,04/13/2016,ORL @ CHA,L,240,103,-14
UTA,04/13/2016,UTA @ LAL,L,240,96,-5
MIL,04/13/2016,MIL vs. IND,L,240,92,-5
PHX,04/13/2016,PHX vs. LAC,W,240,114,9
PHI,04/13/2016,PHI @ CHI,L,241,105,-10
TOR,04/13/2016,TOR @ BKN,W,241,103,7
BKN,04/13/2016,BKN vs. TOR,L,240,96,-7
LAC,04/13/2016,LAC @ PHX,L,241,105,-9
MIN,04/13/2016,MIN vs. NOP,W,240,144,35
BOS,04/13/2016,BOS vs. MIA,W,240,98,10
IND,04/13/2016,IND @ MIL,W,240,97,5
DAL,04/13/2016,DAL vs. SAS,L,240,91,-5
CLE,04/13/2016,CLE vs. DET,L,265,110,-2
