PLAYER,TEAM,DATE,MATCHUP,W/L,MIN,PTS,+/-
Norman Powell,TOR,04/15/2017,TOR vs. MIL,L,6,5,-2
Richard Jefferson,CLE,04/15/2017,CLE vs. IND,W,18,5,3
Kyle Lowry,TOR,04/15/2017,TOR vs. MIL,L,34,4,-22
JaMychal Green,MEM,04/15/2017,MEM @ SAS,L,15,3,8
Manu Ginobili,SAS,04/15/2017,SAS vs. MEM,W,13,0,18
Shelvin Mack,UTA,04/15/2017,UTA @ LAC,W,14,0,1
Blake Griffin,LAC,04/15/2017,LAC vs. UTA,L,43,26,-6
Deron Williams,CLE,04/15/2017,CLE vs. IND,W,10,5,-1
Monta Ellis,IND,04/15/2017,IND @ CLE,L,28,11,-9
Fred VanVleet,TOR,04/15/2017,TOR vs. MIL,L,2,0,4
Lavoy Allen,IND,04/15/2017,IND @ CLE,L,4,0,0
Boris Diaw,UTA,04/15/2017,UTA @ LAC,W,23,7,0
Jeff Withey,UTA,04/15/2017,UTA @ LAC,W,9,3,-2
Thon Maker,MIL,04/15/2017,MIL @ TOR,W,15,4,3
Tony Snell,MIL,04/15/2017,MIL @ TOR,W,24,11,18
Derrick Favors,UTA,04/15/2017,UTA @ LAC,W,32,15,0
George Hill,UTA,04/15/2017,UTA @ LAC,W,37,16,-3
Spencer Hawes,MIL,04/15/2017,MIL @ TOR,W,7,3,-4
Bryn Forbes,SAS,04/15/2017,SAS vs. MEM,W,9,5,0
Greg Monroe,MIL,04/15/2017,MIL @ TOR,W,26,14,15
Andrew Harrison,MEM,04/15/2017,MEM @ SAS,L,20,10,-19
Wade Baldwin IV,MEM,04/15/2017,MEM @ SAS,L,7,0,-3
DeMar DeRozan,TOR,04/15/2017,TOR vs. MIL,L,39,27,-16
Matthew Dellavedova,MIL,04/15/2017,MIL @ TOR,W,32,11,4
Rodney Hood,UTA,04/15/2017,UTA @ LAC,W,19,8,7
James Ennis III,MEM,04/15/2017,MEM @ SAS,L,20,2,-28
Pau Gasol,SAS,04/15/2017,SAS vs. MEM,W,25,6,22
Delon Wright,TOR,04/15/2017,TOR vs. MIL,L,2,0,4
PJ Tucker,TOR,04/15/2017,TOR vs. MIL,L,29,7,1
Kyle Anderson,SAS,04/15/2017,SAS vs. MEM,W,17,4,17
Tony Parker,SAS,04/15/2017,SAS vs. MEM,W,22,18,12
Gordon Hayward,UTA,04/15/2017,UTA @ LAC,W,40,19,7
JJ Redick,LAC,04/15/2017,LAC vs. UTA,L,27,7,-10
Kevin Seraphin,IND,04/15/2017,IND @ CLE,L,16,8,-8
DeMarre Carroll,TOR,04/15/2017,TOR vs. MIL,L,24,5,-15
Jonathon Simmons,SAS,04/15/2017,SAS vs. MEM,W,14,6,5
Kevin Love,CLE,04/15/2017,CLE vs. IND,W,31,17,-3
Paul Pierce,LAC,04/15/2017,LAC vs. UTA,L,3,0,2
Michael Beasley,MIL,04/15/2017,MIL @ TOR,W,6,0,-6
David Lee,SAS,04/15/2017,SAS vs. MEM,W,15,5,22
Jonas Valanciunas,TOR,04/15/2017,TOR vs. MIL,L,24,9,-14
Raymond Felton,LAC,04/15/2017,LAC vs. UTA,L,15,4,-6
Davis Bertans,SAS,04/15/2017,SAS vs. MEM,W,7,4,3
Thaddeus Young,IND,04/15/2017,IND @ CLE,L,33,8,6
Jeff Teague,IND,04/15/2017,IND @ CLE,L,36,15,-2
Wayne Selden,MEM,04/15/2017,MEM @ SAS,L,27,5,-1
Danny Green,SAS,04/15/2017,SAS vs. MEM,W,20,2,6
Joe Johnson,UTA,04/15/2017,UTA @ LAC,W,31,21,6
DeAndre Jordan,LAC,04/15/2017,LAC vs. UTA,L,37,10,0
Kyrie Irving,CLE,04/15/2017,CLE vs. IND,W,39,23,3
JR Smith,CLE,04/15/2017,CLE vs. IND,W,37,6,2
Malcolm Brogdon,MIL,04/15/2017,MIL @ TOR,W,34,16,17
Luc Mbah a Moute,LAC,04/15/2017,LAC vs. UTA,L,36,7,-3
Marreese Speights,LAC,04/15/2017,LAC vs. UTA,L,14,8,0
Lance Stephenson,IND,04/15/2017,IND @ CLE,L,27,16,7
Dewayne Dedmon,SAS,04/15/2017,SAS vs. MEM,W,18,0,-5
Deyonta Davis,MEM,04/15/2017,MEM @ SAS,L,7,7,-3
Mike Conley,MEM,04/15/2017,MEM @ SAS,L,30,13,-7
Paul George,IND,04/15/2017,IND @ CLE,L,41,29,-2
Rudy Gobert,UTA,04/15/2017,UTA @ LAC,W,0,0,0
Marc Gasol,MEM,04/15/2017,MEM @ SAS,L,34,32,-11
Lucas Nogueira,TOR,04/15/2017,TOR vs. MIL,L,1,1,4
Aaron Brooks,IND,04/15/2017,IND @ CLE,L,7,5,-1
Jakob Poeltl,TOR,04/15/2017,TOR vs. MIL,L,2,0,4
Rashad Vaughn,MIL,04/15/2017,MIL @ TOR,W,2,0,-4
Serge Ibaka,TOR,04/15/2017,TOR vs. MIL,L,36,19,-16
Jamal Crawford,LAC,04/15/2017,LAC vs. UTA,L,29,8,12
Cory Joseph,TOR,04/15/2017,TOR vs. MIL,L,27,3,1
Vince Carter,MEM,04/15/2017,MEM @ SAS,L,28,4,-12
Joe Ingles,UTA,04/15/2017,UTA @ LAC,W,33,8,-6
LaMarcus Aldridge,SAS,04/15/2017,SAS vs. MEM,W,30,20,11
Jason Terry,MIL,04/15/2017,MIL @ TOR,W,9,0,-6
Khris Middleton,MIL,04/15/2017,MIL @ TOR,W,41,10,29
Patty Mills,SAS,04/15/2017,SAS vs. MEM,W,17,9,17
Brandan Wright,MEM,04/15/2017,MEM @ SAS,L,5,0,-3
Giannis Antetokounmpo,MIL,04/15/2017,MIL @ TOR,W,38,28,10
Jarell Martin,MEM,04/15/2017,MEM @ SAS,L,6,0,2
CJ Miles,IND,04/15/2017,IND @ CLE,L,16,5,-3
LeBron James,CLE,04/15/2017,CLE vs. IND,W,43,32,5
Channing Frye,CLE,04/15/2017,CLE vs. IND,W,16,11,-3
Troy Daniels,MEM,04/15/2017,MEM @ SAS,L,16,0,-29
Zach Randolph,MEM,04/15/2017,MEM @ SAS,L,26,6,-39
Chris Paul,LAC,04/15/2017,LAC vs. UTA,L,37,25,1
Myles Turner,IND,04/15/2017,IND @ CLE,L,32,11,7
Mirza Teletovic,MIL,04/15/2017,MIL @ TOR,W,6,0,-6
Kawhi Leonard,SAS,04/15/2017,SAS vs. MEM,W,32,32,17
Patrick Patterson,TOR,04/15/2017,TOR vs. MIL,L,16,3,-3
Kyle Korver,CLE,04/15/2017,CLE vs. IND,W,15,2,-4
Tristan Thompson,CLE,04/15/2017,CLE vs. IND,W,31,8,3
Kent Bazemore,ATL,04/16/2017,ATL @ WAS,L,28,12,9
Bobby Portis,CHI,04/16/2017,CHI @ BOS,W,29,19,12
Victor Oladipo,OKC,04/16/2017,OKC @ HOU,L,32,6,-19
Trevor Ariza,HOU,04/16/2017,HOU vs. OKC,W,32,4,17
Ryan Anderson,HOU,04/16/2017,HOU vs. OKC,W,38,4,27
Maurice Harkless,POR,04/16/2017,POR @ GSW,L,35,11,-10
Noah Vonleh,POR,04/16/2017,POR @ GSW,L,23,2,-10
Cristiano Felicio,CHI,04/16/2017,CHI @ BOS,W,14,4,11
Jose Calderon,ATL,04/16/2017,ATL @ WAS,L,8,2,-3
Eric Gordon,HOU,04/16/2017,HOU vs. OKC,W,29,8,21
Robin Lopez,CHI,04/16/2017,CHI @ BOS,W,34,14,-7
Isaiah Thomas,BOS,04/16/2017,BOS vs. CHI,L,38,33,12
Domantas Sabonis,OKC,04/16/2017,OKC @ HOU,L,4,4,1
Nene,HOU,04/16/2017,HOU vs. OKC,W,19,15,3
Lou Williams,HOU,04/16/2017,HOU vs. OKC,W,26,11,21
Dwight Howard,ATL,04/16/2017,ATL @ WAS,L,29,7,-21
Pat Connaughton,POR,04/16/2017,POR @ GSW,L,4,3,5
Jason Smith,WAS,04/16/2017,WAS vs. ATL,W,13,0,-13
Russell Westbrook,OKC,04/16/2017,OKC @ HOU,L,34,22,-25
Patrick McCaw,GSW,04/16/2017,GSW vs. POR,W,0,0,0
Ian Clark,GSW,04/16/2017,GSW vs. POR,W,12,12,5
Semaj Christon,OKC,04/16/2017,OKC @ HOU,L,14,5,-6
Doug McDermott,OKC,04/16/2017,OKC @ HOU,L,3,3,1
Damian Lillard,POR,04/16/2017,POR @ GSW,L,39,34,-6
Andre Iguodala,GSW,04/16/2017,GSW vs. POR,W,33,2,8
JaVale McGee,GSW,04/16/2017,GSW vs. POR,W,10,6,8
Zaza Pachulia,GSW,04/16/2017,GSW vs. POR,W,12,4,4
Taj Gibson,OKC,04/16/2017,OKC @ HOU,L,21,5,-6
Tomas Satoransky,WAS,04/16/2017,WAS vs. ATL,W,2,0,-5
Brandon Jennings,WAS,04/16/2017,WAS vs. ATL,W,15,0,-10
Kelly Oubre Jr.,WAS,04/16/2017,WAS vs. ATL,W,19,11,-16
Jerami Grant,OKC,04/16/2017,OKC @ HOU,L,27,10,-25
Jerian Grant,CHI,04/16/2017,CHI @ BOS,W,21,6,11
Alex Abrines,OKC,04/16/2017,OKC @ HOU,L,20,0,-8
Shaun Livingston,GSW,04/16/2017,GSW vs. POR,W,15,2,0
Shabazz Napier,POR,04/16/2017,POR @ GSW,L,10,3,-8
David West,GSW,04/16/2017,GSW vs. POR,W,13,0,3
Markieff Morris,WAS,04/16/2017,WAS vs. ATL,W,38,21,18
Tim Hardaway Jr.,ATL,04/16/2017,ATL @ WAS,L,28,7,-14
Steven Adams,OKC,04/16/2017,OKC @ HOU,L,28,6,-22
Jae Crowder,BOS,04/16/2017,BOS vs. CHI,L,31,9,-10
CJ McCollum,POR,04/16/2017,POR @ GSW,L,41,41,-5
Draymond Green,GSW,04/16/2017,GSW vs. POR,W,37,19,15
Montrezl Harrell,HOU,04/16/2017,HOU vs. OKC,W,4,1,1
Bobby Brown,HOU,04/16/2017,HOU vs. OKC,W,4,3,-1
Kevin Durant,GSW,04/16/2017,GSW vs. POR,W,36,32,1
Dennis Schroder,ATL,04/16/2017,ATL @ WAS,L,36,25,-11
Mike Muscala,ATL,04/16/2017,ATL @ WAS,L,13,8,20
Enes Kanter,OKC,04/16/2017,OKC @ HOU,L,16,8,-10
Andre Roberson,OKC,04/16/2017,OKC @ HOU,L,35,18,-24
Al-Farouq Aminu,POR,04/16/2017,POR @ GSW,L,23,0,-8
Tyler Zeller,BOS,04/16/2017,BOS vs. CHI,L,3,0,1
Amir Johnson,BOS,04/16/2017,BOS vs. CHI,L,18,5,-2
Norris Cole,OKC,04/16/2017,OKC @ HOU,L,6,0,-12
Allen Crabbe,POR,04/16/2017,POR @ GSW,L,22,3,-5
Ersan Ilyasova,ATL,04/16/2017,ATL @ WAS,L,20,9,7
Evan Turner,POR,04/16/2017,POR @ GSW,L,36,12,-9
Paul Zipser,CHI,04/16/2017,CHI @ BOS,W,22,6,6
Marcin Gortat,WAS,04/16/2017,WAS vs. ATL,W,31,14,21
Taurean Prince,ATL,04/16/2017,ATL @ WAS,L,32,14,-4
Nikola Mirotic,CHI,04/16/2017,CHI @ BOS,W,19,4,-6
Kelly Olynyk,BOS,04/16/2017,BOS vs. CHI,L,23,7,-9
Bradley Beal,WAS,04/16/2017,WAS vs. ATL,W,39,22,21
Clint Capela,HOU,04/16/2017,HOU vs. OKC,W,25,14,27
Jonas Jerebko,BOS,04/16/2017,BOS vs. CHI,L,4,0,5
Jimmy Butler,CHI,04/16/2017,CHI @ BOS,W,41,30,-3
John Wall,WAS,04/16/2017,WAS vs. ATL,W,37,32,8
Dwyane Wade,CHI,04/16/2017,CHI @ BOS,W,34,11,3
Klay Thompson,GSW,04/16/2017,GSW vs. POR,W,35,15,14
Stephen Curry,GSW,04/16/2017,GSW vs. POR,W,36,29,5
Avery Bradley,BOS,04/16/2017,BOS vs. CHI,L,35,14,6
Meyers Leonard,POR,04/16/2017,POR @ GSW,L,7,0,-4
Jaylen Brown,BOS,04/16/2017,BOS vs. CHI,L,11,5,-9
Marcus Smart,BOS,04/16/2017,BOS vs. CHI,L,31,9,-13
Mike Dunleavy,ATL,04/16/2017,ATL @ WAS,L,12,4,2
Troy Williams,HOU,04/16/2017,HOU vs. OKC,W,4,0,-1
Paul Millsap,ATL,04/16/2017,ATL @ WAS,L,34,19,-20
James Harden,HOU,04/16/2017,HOU vs. OKC,W,34,37,22
Gerald Green,BOS,04/16/2017,BOS vs. CHI,L,6,1,-4
James Michael McAdoo,GSW,04/16/2017,GSW vs. POR,W,0,0,-3
Al Horford,BOS,04/16/2017,BOS vs. CHI,L,40,19,3
Rajon Rondo,CHI,04/16/2017,CHI @ BOS,W,27,12,-7
Bojan Bogdanovic,WAS,04/16/2017,WAS vs. ATL,W,14,4,-9
Otto Porter Jr.,WAS,04/16/2017,WAS vs. ATL,W,32,10,20
Patrick Beverley,HOU,04/16/2017,HOU vs. OKC,W,26,21,18
Marc Gasol,MEM,04/17/2017,MEM @ SAS,L,39,12,-11
JR Smith,CLE,04/17/2017,CLE vs. IND,W,18,3,-4
Kevin Love,CLE,04/17/2017,CLE vs. IND,W,39,27,17
James Ennis III,MEM,04/17/2017,MEM @ SAS,L,26,7,5
Glenn Robinson III,IND,04/17/2017,IND @ CLE,L,9,4,-5
David Lee,SAS,04/17/2017,SAS vs. MEM,W,14,2,0
Lavoy Allen,IND,04/17/2017,IND @ CLE,L,5,0,6
Tristan Thompson,CLE,04/17/2017,CLE vs. IND,W,32,4,-4
Deron Williams,CLE,04/17/2017,CLE vs. IND,W,16,9,4
Pau Gasol,SAS,04/17/2017,SAS vs. MEM,W,30,10,16
Vince Carter,MEM,04/17/2017,MEM @ SAS,L,33,12,-21
Kyle Korver,CLE,04/17/2017,CLE vs. IND,W,14,2,10
LeBron James,CLE,04/17/2017,CLE vs. IND,W,42,25,6
Mike Conley,MEM,04/17/2017,MEM @ SAS,L,38,24,-2
Kyle Anderson,SAS,04/17/2017,SAS vs. MEM,W,8,2,6
Myles Turner,IND,04/17/2017,IND @ CLE,L,37,6,-2
Brandan Wright,MEM,04/17/2017,MEM @ SAS,L,7,4,-6
Danny Green,SAS,04/17/2017,SAS vs. MEM,W,29,12,8
Paul George,IND,04/17/2017,IND @ CLE,L,42,32,-7
Kyrie Irving,CLE,04/17/2017,CLE vs. IND,W,34,37,0
Tony Parker,SAS,04/17/2017,SAS vs. MEM,W,24,15,3
Richard Jefferson,CLE,04/17/2017,CLE vs. IND,W,11,2,-1
Zach Randolph,MEM,04/17/2017,MEM @ SAS,L,36,18,-12
Kevin Seraphin,IND,04/17/2017,IND @ CLE,L,11,6,-4
Kawhi Leonard,SAS,04/17/2017,SAS vs. MEM,W,40,37,8
Andrew Harrison,MEM,04/17/2017,MEM @ SAS,L,23,2,-13
CJ Miles,IND,04/17/2017,IND @ CLE,L,16,9,-3
Jeff Teague,IND,04/17/2017,IND @ CLE,L,35,23,-4
Thaddeus Young,IND,04/17/2017,IND @ CLE,L,33,16,-4
LaMarcus Aldridge,SAS,04/17/2017,SAS vs. MEM,W,42,11,11
Troy Daniels,MEM,04/17/2017,MEM @ SAS,L,7,0,0
Lance Stephenson,IND,04/17/2017,IND @ CLE,L,26,13,-3
Dewayne Dedmon,SAS,04/17/2017,SAS vs. MEM,W,10,2,1
Patty Mills,SAS,04/17/2017,SAS vs. MEM,W,24,5,11
Iman Shumpert,CLE,04/17/2017,CLE vs. IND,W,20,5,2
JaMychal Green,MEM,04/17/2017,MEM @ SAS,L,15,3,-2
Wayne Selden,MEM,04/17/2017,MEM @ SAS,L,16,0,-8
Monta Ellis,IND,04/17/2017,IND @ CLE,L,25,2,-4
Channing Frye,CLE,04/17/2017,CLE vs. IND,W,13,3,0
Manu Ginobili,SAS,04/17/2017,SAS vs. MEM,W,19,0,6
Cristiano Felicio,CHI,04/18/2017,CHI @ BOS,W,16,4,-3
Serge Ibaka,TOR,04/18/2017,TOR vs. MIL,W,36,16,13
JJ Redick,LAC,04/18/2017,LAC vs. UTA,W,33,4,8
DeMarre Carroll,TOR,04/18/2017,TOR vs. MIL,W,17,9,-4
Terry Rozier,BOS,04/18/2017,BOS vs. CHI,L,13,5,11
Dwyane Wade,CHI,04/18/2017,CHI @ BOS,W,32,22,22
James Young,BOS,04/18/2017,BOS vs. CHI,L,2,3,3
DeMar DeRozan,TOR,04/18/2017,TOR vs. MIL,W,38,23,-1
Greg Monroe,MIL,04/18/2017,MIL @ TOR,L,22,18,-7
Bobby Portis,CHI,04/18/2017,CHI @ BOS,W,9,3,-11
Rodney Hood,UTA,04/18/2017,UTA @ LAC,L,25,10,3
Malcolm Brogdon,MIL,04/18/2017,MIL @ TOR,L,37,7,-5
Spencer Hawes,MIL,04/18/2017,MIL @ TOR,L,6,2,2
Jonas Valanciunas,TOR,04/18/2017,TOR vs. MIL,W,22,10,1
Avery Bradley,BOS,04/18/2017,BOS vs. CHI,L,40,12,-22
Shelvin Mack,UTA,04/18/2017,UTA @ LAC,L,11,5,-4
Jae Crowder,BOS,04/18/2017,BOS vs. CHI,L,35,16,-12
Gordon Hayward,UTA,04/18/2017,UTA @ LAC,L,39,20,-17
Robin Lopez,CHI,04/18/2017,CHI @ BOS,W,32,18,17
Jakob Poeltl,TOR,04/18/2017,TOR vs. MIL,W,4,2,4
Joe Johnson,UTA,04/18/2017,UTA @ LAC,L,29,13,1
Jeff Withey,UTA,04/18/2017,UTA @ LAC,L,9,2,-1
Chris Paul,LAC,04/18/2017,LAC vs. UTA,W,33,21,9
PJ Tucker,TOR,04/18/2017,TOR vs. MIL,W,28,5,2
Raymond Felton,LAC,04/18/2017,LAC vs. UTA,W,17,5,-2
Rajon Rondo,CHI,04/18/2017,CHI @ BOS,W,40,11,24
Jerian Grant,CHI,04/18/2017,CHI @ BOS,W,6,0,-14
Delon Wright,TOR,04/18/2017,TOR vs. MIL,W,8,0,1
Thon Maker,MIL,04/18/2017,MIL @ TOR,L,20,5,-1
Giannis Antetokounmpo,MIL,04/18/2017,MIL @ TOR,L,42,24,6
Blake Griffin,LAC,04/18/2017,LAC vs. UTA,W,39,24,10
Amir Johnson,BOS,04/18/2017,BOS vs. CHI,L,9,4,-4
Denzel Valentine,CHI,04/18/2017,CHI @ BOS,W,1,0,0
Patrick Patterson,TOR,04/18/2017,TOR vs. MIL,W,30,8,6
Tony Snell,MIL,04/18/2017,MIL @ TOR,L,31,14,-2
Nikola Mirotic,CHI,04/18/2017,CHI @ BOS,W,28,13,18
Cory Joseph,TOR,04/18/2017,TOR vs. MIL,W,18,11,1
George Hill,UTA,04/18/2017,UTA @ LAC,L,37,12,-4
DeAndre Jordan,LAC,04/18/2017,LAC vs. UTA,W,34,18,12
Al Horford,BOS,04/18/2017,BOS vs. CHI,L,32,7,-19
Boris Diaw,UTA,04/18/2017,UTA @ LAC,L,25,7,-5
Paul Pierce,LAC,04/18/2017,LAC vs. UTA,W,9,6,-2
Isaiah Thomas,BOS,04/18/2017,BOS vs. CHI,L,42,20,-20
Jamal Crawford,LAC,04/18/2017,LAC vs. UTA,W,24,10,-6
Joe Ingles,UTA,04/18/2017,UTA @ LAC,L,33,9,-2
Jimmy Butler,CHI,04/18/2017,CHI @ BOS,W,43,22,22
Tyler Zeller,BOS,04/18/2017,BOS vs. CHI,L,9,4,1
Luc Mbah a Moute,LAC,04/18/2017,LAC vs. UTA,W,38,4,15
Jaylen Brown,BOS,04/18/2017,BOS vs. CHI,L,9,2,-8
Jason Terry,MIL,04/18/2017,MIL @ TOR,L,6,3,-1
Paul Zipser,CHI,04/18/2017,CHI @ BOS,W,29,16,-6
Marreese Speights,LAC,04/18/2017,LAC vs. UTA,W,13,7,-4
Derrick Favors,UTA,04/18/2017,UTA @ LAC,L,33,13,-11
Khris Middleton,MIL,04/18/2017,MIL @ TOR,L,41,20,-9
Mirza Teletovic,MIL,04/18/2017,MIL @ TOR,L,13,0,-9
Kyle Lowry,TOR,04/18/2017,TOR vs. MIL,W,39,22,7
Matthew Dellavedova,MIL,04/18/2017,MIL @ TOR,L,22,7,-4
Michael Carter-Williams,CHI,04/18/2017,CHI @ BOS,W,4,2,1
Kelly Olynyk,BOS,04/18/2017,BOS vs. CHI,L,24,11,2
Marcus Smart,BOS,04/18/2017,BOS vs. CHI,L,27,13,-2
Marcin Gortat,WAS,04/19/2017,WAS vs. ATL,W,35,14,7
Bradley Beal,WAS,04/19/2017,WAS vs. ATL,W,42,31,14
John Wall,WAS,04/19/2017,WAS vs. ATL,W,39,32,-2
Mike Dunleavy,ATL,04/19/2017,ATL @ WAS,L,6,0,9
CJ McCollum,POR,04/19/2017,POR @ GSW,L,30,11,-26
Damian Lillard,POR,04/19/2017,POR @ GSW,L,30,12,-33
Andre Iguodala,GSW,04/19/2017,GSW vs. POR,W,27,6,15
Maurice Harkless,POR,04/19/2017,POR @ GSW,L,29,15,-20
Ian Clark,GSW,04/19/2017,GSW vs. POR,W,26,13,-2
Kelly Oubre Jr.,WAS,04/19/2017,WAS vs. ATL,W,13,1,-9
Victor Oladipo,OKC,04/19/2017,OKC @ HOU,L,41,11,0
Allen Crabbe,POR,04/19/2017,POR @ GSW,L,24,6,-8
Patrick McCaw,GSW,04/19/2017,GSW vs. POR,W,34,9,27
Alex Abrines,OKC,04/19/2017,OKC @ HOU,L,4,0,-4
Enes Kanter,OKC,04/19/2017,OKC @ HOU,L,8,4,-9
Pat Connaughton,POR,04/19/2017,POR @ GSW,L,14,2,-3
Eric Gordon,HOU,04/19/2017,HOU vs. OKC,W,30,22,15
Russell Westbrook,OKC,04/19/2017,OKC @ HOU,L,41,51,11
Stephen Curry,GSW,04/19/2017,GSW vs. POR,W,31,19,32
James Michael McAdoo,GSW,04/19/2017,GSW vs. POR,W,11,7,3
Doug McDermott,OKC,04/19/2017,OKC @ HOU,L,14,11,-7
Mike Muscala,ATL,04/19/2017,ATL @ WAS,L,23,2,-13
Zaza Pachulia,GSW,04/19/2017,GSW vs. POR,W,17,10,13
Semaj Christon,OKC,04/19/2017,OKC @ HOU,L,7,0,-15
Paul Millsap,ATL,04/19/2017,ATL @ WAS,L,35,27,-7
Meyers Leonard,POR,04/19/2017,POR @ GSW,L,13,2,0
Noah Vonleh,POR,04/19/2017,POR @ GSW,L,19,3,-29
Taj Gibson,OKC,04/19/2017,OKC @ HOU,L,21,8,17
Andre Roberson,OKC,04/19/2017,OKC @ HOU,L,37,12,-2
Tim Hardaway Jr.,ATL,04/19/2017,ATL @ WAS,L,35,19,-19
Otto Porter Jr.,WAS,04/19/2017,WAS vs. ATL,W,23,4,19
Markieff Morris,WAS,04/19/2017,WAS vs. ATL,W,20,3,16
Damian Jones,GSW,04/19/2017,GSW vs. POR,W,6,1,-3
James Harden,HOU,04/19/2017,HOU vs. OKC,W,37,35,2
Domantas Sabonis,OKC,04/19/2017,OKC @ HOU,L,2,0,-5
Taurean Prince,ATL,04/19/2017,ATL @ WAS,L,30,12,-12
Jerami Grant,OKC,04/19/2017,OKC @ HOU,L,26,9,-20
Thabo Sefolosha,ATL,04/19/2017,ATL @ WAS,L,4,0,-2
Ryan Anderson,HOU,04/19/2017,HOU vs. OKC,W,29,4,-18
Dwight Howard,ATL,04/19/2017,ATL @ WAS,L,20,6,5
Jason Smith,WAS,04/19/2017,WAS vs. ATL,W,28,8,-7
Nene,HOU,04/19/2017,HOU vs. OKC,W,25,7,8
Al-Farouq Aminu,POR,04/19/2017,POR @ GSW,L,24,9,-11
Steven Adams,OKC,04/19/2017,OKC @ HOU,L,27,5,18
Draymond Green,GSW,04/19/2017,GSW vs. POR,W,30,6,15
JaVale McGee,GSW,04/19/2017,GSW vs. POR,W,13,15,19
Trevor Ariza,HOU,04/19/2017,HOU vs. OKC,W,40,4,6
Dennis Schroder,ATL,04/19/2017,ATL @ WAS,L,38,23,2
David West,GSW,04/19/2017,GSW vs. POR,W,14,8,-3
Tim Quarterman,POR,04/19/2017,POR @ GSW,L,5,3,3
Kent Bazemore,ATL,04/19/2017,ATL @ WAS,L,25,8,0
Evan Turner,POR,04/19/2017,POR @ GSW,L,27,5,-14
Klay Thompson,GSW,04/19/2017,GSW vs. POR,W,31,16,29
Shabazz Napier,POR,04/19/2017,POR @ GSW,L,15,10,-4
Ersan Ilyasova,ATL,04/19/2017,ATL @ WAS,L,16,2,3
Bojan Bogdanovic,WAS,04/19/2017,WAS vs. ATL,W,22,6,-1
Lou Williams,HOU,04/19/2017,HOU vs. OKC,W,21,21,18
Patrick Beverley,HOU,04/19/2017,HOU vs. OKC,W,34,15,-7
Clint Capela,HOU,04/19/2017,HOU vs. OKC,W,23,7,-4
Jake Layman,POR,04/19/2017,POR @ GSW,L,10,3,0
Kyle Singler,OKC,04/19/2017,OKC @ HOU,L,10,0,-4
Jose Calderon,ATL,04/19/2017,ATL @ WAS,L,8,2,-6
Brandon Jennings,WAS,04/19/2017,WAS vs. ATL,W,17,10,3
Dejounte Murray,SAS,04/20/2017,SAS @ MEM,L,7,4,11
Jonas Valanciunas,TOR,04/20/2017,TOR @ MIL,L,20,11,-12
LeBron James,CLE,04/20/2017,CLE @ IND,W,45,41,13
Giannis Antetokounmpo,MIL,04/20/2017,MIL vs. TOR,W,33,19,29
Kyle Anderson,SAS,04/20/2017,SAS @ MEM,L,18,15,3
Mike Conley,MEM,04/20/2017,MEM vs. SAS,W,34,24,20
Patty Mills,SAS,04/20/2017,SAS @ MEM,L,22,11,-16
Glenn Robinson III,IND,04/20/2017,IND vs. CLE,L,9,5,1
DeMarre Carroll,TOR,04/20/2017,TOR @ MIL,L,14,3,-13
Pau Gasol,SAS,04/20/2017,SAS @ MEM,L,27,6,-12
Vince Carter,MEM,04/20/2017,MEM vs. SAS,W,36,4,10
Thon Maker,MIL,04/20/2017,MIL vs. TOR,W,21,11,13
Wade Baldwin IV,MEM,04/20/2017,MEM vs. SAS,W,3,0,-9
Troy Daniels,MEM,04/20/2017,MEM vs. SAS,W,0,0,2
Spencer Hawes,MIL,04/20/2017,MIL vs. TOR,W,4,0,-3
Michael Beasley,MIL,04/20/2017,MIL vs. TOR,W,20,13,8
Davis Bertans,SAS,04/20/2017,SAS @ MEM,L,12,6,7
Tony Parker,SAS,04/20/2017,SAS @ MEM,L,19,0,-6
Thaddeus Young,IND,04/20/2017,IND vs. CLE,L,39,11,-11
Dahntay Jones,CLE,04/20/2017,CLE @ IND,W,0,0,-2
Jakob Poeltl,TOR,04/20/2017,TOR @ MIL,L,9,4,-4
Greg Monroe,MIL,04/20/2017,MIL vs. TOR,W,23,16,17
JaMychal Green,MEM,04/20/2017,MEM vs. SAS,W,24,8,17
Danny Green,SAS,04/20/2017,SAS @ MEM,L,21,6,-15
Matthew Dellavedova,MIL,04/20/2017,MIL vs. TOR,W,28,10,20
Kyle Korver,CLE,04/20/2017,CLE @ IND,W,22,12,-4
David Lee,SAS,04/20/2017,SAS @ MEM,L,16,0,-9
Deron Williams,CLE,04/20/2017,CLE @ IND,W,22,5,17
Lucas Nogueira,TOR,04/20/2017,TOR @ MIL,L,4,2,3
Malcolm Brogdon,MIL,04/20/2017,MIL vs. TOR,W,28,4,10
Paul George,IND,04/20/2017,IND vs. CLE,L,45,36,-10
Iman Shumpert,CLE,04/20/2017,CLE @ IND,W,14,0,-4
Tony Snell,MIL,04/20/2017,MIL vs. TOR,W,25,5,27
Serge Ibaka,TOR,04/20/2017,TOR @ MIL,L,26,6,-18
Delon Wright,TOR,04/20/2017,TOR @ MIL,L,27,13,0
James Ennis III,MEM,04/20/2017,MEM vs. SAS,W,20,12,0
Norman Powell,TOR,04/20/2017,TOR @ MIL,L,15,12,3
Kevin Seraphin,IND,04/20/2017,IND vs. CLE,L,17,11,-1
Cory Joseph,TOR,04/20/2017,TOR @ MIL,L,16,2,-22
Richard Jefferson,CLE,04/20/2017,CLE @ IND,W,4,0,-12
PJ Tucker,TOR,04/20/2017,TOR @ MIL,L,14,0,-13
Kyle Lowry,TOR,04/20/2017,TOR @ MIL,L,35,13,-18
Lance Stephenson,IND,04/20/2017,IND vs. CLE,L,24,13,8
Marc Gasol,MEM,04/20/2017,MEM vs. SAS,W,36,21,11
Manu Ginobili,SAS,04/20/2017,SAS @ MEM,L,10,0,-7
Dewayne Dedmon,SAS,04/20/2017,SAS @ MEM,L,10,2,6
Jeff Teague,IND,04/20/2017,IND vs. CLE,L,33,15,-3
Jonathon Simmons,SAS,04/20/2017,SAS @ MEM,L,16,10,2
Tristan Thompson,CLE,04/20/2017,CLE @ IND,W,28,9,1
Fred VanVleet,TOR,04/20/2017,TOR @ MIL,L,6,0,3
Channing Frye,CLE,04/20/2017,CLE @ IND,W,19,13,12
Rashad Vaughn,MIL,04/20/2017,MIL vs. TOR,W,6,6,-2
Kevin Love,CLE,04/20/2017,CLE @ IND,W,27,13,5
LaMarcus Aldridge,SAS,04/20/2017,SAS @ MEM,L,30,16,-12
Wayne Selden,MEM,04/20/2017,MEM vs. SAS,W,28,10,11
Monta Ellis,IND,04/20/2017,IND vs. CLE,L,18,8,7
Patrick Patterson,TOR,04/20/2017,TOR @ MIL,L,23,3,-21
Zach Randolph,MEM,04/20/2017,MEM vs. SAS,W,29,21,5
Kawhi Leonard,SAS,04/20/2017,SAS @ MEM,L,30,18,-7
Kyrie Irving,CLE,04/20/2017,CLE @ IND,W,28,13,-15
Deyonta Davis,MEM,04/20/2017,MEM vs. SAS,W,2,0,-7
Jason Terry,MIL,04/20/2017,MIL vs. TOR,W,18,0,-1
Andrew Harrison,MEM,04/20/2017,MEM vs. SAS,W,25,5,2
Myles Turner,IND,04/20/2017,IND vs. CLE,L,31,6,-4
Khris Middleton,MIL,04/20/2017,MIL vs. TOR,W,34,20,17
Jarell Martin,MEM,04/20/2017,MEM vs. SAS,W,2,0,-7
JR Smith,CLE,04/20/2017,CLE @ IND,W,31,13,14
CJ Miles,IND,04/20/2017,IND vs. CLE,L,25,9,-12
DeMar DeRozan,TOR,04/20/2017,TOR @ MIL,L,31,8,-23
Jimmy Butler,CHI,04/21/2017,CHI vs. BOS,L,39,14,-27
Raymond Felton,LAC,04/21/2017,LAC @ UTA,W,14,9,0
Bobby Portis,CHI,04/21/2017,CHI vs. BOS,L,18,2,3
Al Horford,BOS,04/21/2017,BOS @ CHI,W,33,18,11
Rodney Hood,UTA,04/21/2017,UTA vs. LAC,L,20,6,0
James Young,BOS,04/21/2017,BOS @ CHI,W,1,0,0
Nikola Mirotic,CHI,04/21/2017,CHI vs. BOS,L,26,11,-17
Eric Gordon,HOU,04/21/2017,HOU @ OKC,L,36,12,6
Jonas Jerebko,BOS,04/21/2017,BOS @ CHI,W,10,6,-4
Russell Westbrook,OKC,04/21/2017,OKC vs. HOU,W,39,32,3
Isaiah Thomas,BOS,04/21/2017,BOS @ CHI,W,31,16,2
Dwyane Wade,CHI,04/21/2017,CHI vs. BOS,L,33,18,-12
Cristiano Felicio,CHI,04/21/2017,CHI vs. BOS,L,23,2,-9
Wesley Johnson,LAC,04/21/2017,LAC @ UTA,W,3,0,-3
Alex Abrines,OKC,04/21/2017,OKC vs. HOU,W,18,8,-3
Terry Rozier,BOS,04/21/2017,BOS @ CHI,W,23,11,19
Avery Bradley,BOS,04/21/2017,BOS @ CHI,W,36,15,22
DeAndre Jordan,LAC,04/21/2017,LAC @ UTA,W,39,17,-6
Derrick Favors,UTA,04/21/2017,UTA vs. LAC,L,38,2,-17
Denzel Valentine,CHI,04/21/2017,CHI vs. BOS,L,4,3,3
Gerald Green,BOS,04/21/2017,BOS @ CHI,W,20,8,5
Ryan Anderson,HOU,04/21/2017,HOU @ OKC,L,33,18,1
Paul Zipser,CHI,04/21/2017,CHI vs. BOS,L,25,10,-6
James Harden,HOU,04/21/2017,HOU @ OKC,L,38,44,1
Nene,HOU,04/21/2017,HOU @ OKC,L,15,4,7
Paul Pierce,LAC,04/21/2017,LAC @ UTA,W,21,0,-4
Patrick Beverley,HOU,04/21/2017,HOU @ OKC,L,25,1,-7
Amir Johnson,BOS,04/21/2017,BOS @ CHI,W,6,2,3
Raul Neto,UTA,04/21/2017,UTA vs. LAC,L,3,5,3
Taj Gibson,OKC,04/21/2017,OKC vs. HOU,W,29,20,-1
Marcus Smart,BOS,04/21/2017,BOS @ CHI,W,29,7,5
Jaylen Brown,BOS,04/21/2017,BOS @ CHI,W,1,0,0
Clint Capela,HOU,04/21/2017,HOU @ OKC,L,23,5,-15
Shelvin Mack,UTA,04/21/2017,UTA vs. LAC,L,8,0,-4
Marreese Speights,LAC,04/21/2017,LAC @ UTA,W,19,8,12
Blake Griffin,LAC,04/21/2017,LAC @ UTA,W,18,11,6
Victor Oladipo,OKC,04/21/2017,OKC vs. HOU,W,35,12,9
Luc Mbah a Moute,LAC,04/21/2017,LAC @ UTA,W,37,15,2
Chris Paul,LAC,04/21/2017,LAC @ UTA,W,36,34,7
Trevor Ariza,HOU,04/21/2017,HOU @ OKC,L,39,7,-7
Joe Ingles,UTA,04/21/2017,UTA vs. LAC,L,34,9,-5
Robin Lopez,CHI,04/21/2017,CHI vs. BOS,L,21,12,-11
George Hill,UTA,04/21/2017,UTA vs. LAC,L,36,26,-3
Kelly Olynyk,BOS,04/21/2017,BOS @ CHI,W,14,5,-1
Joe Johnson,UTA,04/21/2017,UTA vs. LAC,L,34,15,3
Jae Crowder,BOS,04/21/2017,BOS @ CHI,W,33,16,23
Steven Adams,OKC,04/21/2017,OKC vs. HOU,W,26,4,5
Andre Roberson,OKC,04/21/2017,OKC vs. HOU,W,38,12,0
Jamal Crawford,LAC,04/21/2017,LAC @ UTA,W,27,9,8
Enes Kanter,OKC,04/21/2017,OKC vs. HOU,W,10,10,1
Anthony Morrow,CHI,04/21/2017,CHI vs. BOS,L,4,4,3
Gordon Hayward,UTA,04/21/2017,UTA vs. LAC,L,42,40,-5
Jerami Grant,OKC,04/21/2017,OKC vs. HOU,W,19,6,-7
Doug McDermott,OKC,04/21/2017,OKC vs. HOU,W,16,6,4
Jerian Grant,CHI,04/21/2017,CHI vs. BOS,L,15,6,-15
Lou Williams,HOU,04/21/2017,HOU @ OKC,L,30,22,4
Michael Carter-Williams,CHI,04/21/2017,CHI vs. BOS,L,23,2,-3
Boris Diaw,UTA,04/21/2017,UTA vs. LAC,L,24,3,3
Joffrey Lauvergne,CHI,04/21/2017,CHI vs. BOS,L,4,0,3
Norris Cole,OKC,04/21/2017,OKC vs. HOU,W,9,5,-1
JJ Redick,LAC,04/21/2017,LAC @ UTA,W,27,8,3
Cameron Payne,CHI,04/21/2017,CHI vs. BOS,L,4,3,3
Jonas Valanciunas,TOR,04/22/2017,TOR @ MIL,W,22,12,11
Michael Beasley,MIL,04/22/2017,MIL vs. TOR,L,15,4,3
Thon Maker,MIL,04/22/2017,MIL vs. TOR,L,24,7,-3
John Wall,WAS,04/22/2017,WAS @ ATL,L,32,29,-24
Malcolm Delaney,ATL,04/22/2017,ATL vs. WAS,W,3,8,0
Damian Lillard,POR,04/22/2017,POR vs. GSW,L,40,31,-14
Kyle Anderson,SAS,04/22/2017,SAS @ MEM,L,6,0,-15
Paul Millsap,ATL,04/22/2017,ATL vs. WAS,W,33,29,22
Davis Bertans,SAS,04/22/2017,SAS @ MEM,L,10,3,13
Jason Terry,MIL,04/22/2017,MIL vs. TOR,L,13,4,5
Vince Carter,MEM,04/22/2017,MEM vs. SAS,W,33,13,-12
Serge Ibaka,TOR,04/22/2017,TOR @ MIL,W,26,10,0
Allen Crabbe,POR,04/22/2017,POR vs. GSW,L,23,6,-8
Shabazz Napier,POR,04/22/2017,POR vs. GSW,L,5,0,1
Zach Randolph,MEM,04/22/2017,MEM vs. SAS,W,35,12,14
Troy Daniels,MEM,04/22/2017,MEM vs. SAS,W,15,6,7
Brandon Jennings,WAS,04/22/2017,WAS @ ATL,L,17,13,7
Patrick McCaw,GSW,04/22/2017,GSW @ POR,W,29,11,-14
Mike Muscala,ATL,04/22/2017,ATL vs. WAS,W,15,3,-7
Mike Dunleavy,ATL,04/22/2017,ATL vs. WAS,W,15,3,-5
Patty Mills,SAS,04/22/2017,SAS @ MEM,L,23,6,0
James Ennis III,MEM,04/22/2017,MEM vs. SAS,W,32,7,-4
Kent Bazemore,ATL,04/22/2017,ATL vs. WAS,W,21,8,1
Zaza Pachulia,GSW,04/22/2017,GSW @ POR,W,10,0,-11
PJ Tucker,TOR,04/22/2017,TOR @ MIL,W,28,0,7
Dennis Schroder,ATL,04/22/2017,ATL vs. WAS,W,31,27,18
Evan Turner,POR,04/22/2017,POR vs. GSW,L,40,17,3
Klay Thompson,GSW,04/22/2017,GSW @ POR,W,41,24,-2
DeMarre Carroll,TOR,04/22/2017,TOR @ MIL,W,20,2,4
Tomas Satoransky,WAS,04/22/2017,WAS @ ATL,L,9,0,9
Ian Clark,GSW,04/22/2017,GSW @ POR,W,16,5,4
Kyle Lowry,TOR,04/22/2017,TOR @ MIL,W,43,18,15
Noah Vonleh,POR,04/22/2017,POR vs. GSW,L,25,10,-2
DeMar DeRozan,TOR,04/22/2017,TOR @ MIL,W,40,33,15
Kawhi Leonard,SAS,04/22/2017,SAS @ MEM,L,44,43,18
Jose Calderon,ATL,04/22/2017,ATL vs. WAS,W,13,4,-1
Tim Hardaway Jr.,ATL,04/22/2017,ATL vs. WAS,W,29,8,19
Thabo Sefolosha,ATL,04/22/2017,ATL vs. WAS,W,3,1,-1
Tony Parker,SAS,04/22/2017,SAS @ MEM,L,37,22,5
Malcolm Brogdon,MIL,04/22/2017,MIL vs. TOR,L,28,2,-12
Jason Smith,WAS,04/22/2017,WAS @ ATL,L,8,2,6
Daniel Ochefu,WAS,04/22/2017,WAS @ ATL,L,3,0,0
Markieff Morris,WAS,04/22/2017,WAS @ ATL,L,29,9,-17
Tony Snell,MIL,04/22/2017,MIL vs. TOR,L,38,19,-13
Andre Iguodala,GSW,04/22/2017,GSW @ POR,W,36,16,11
Jusuf Nurkic,POR,04/22/2017,POR vs. GSW,L,17,2,8
Marcin Gortat,WAS,04/22/2017,WAS @ ATL,L,29,2,-22
CJ McCollum,POR,04/22/2017,POR vs. GSW,L,39,32,2
Norman Powell,TOR,04/22/2017,TOR @ MIL,W,34,12,15
Jonathon Simmons,SAS,04/22/2017,SAS @ MEM,L,7,0,-3
Greg Monroe,MIL,04/22/2017,MIL vs. TOR,L,24,14,-8
Sheldon Mac,WAS,04/22/2017,WAS @ ATL,L,3,4,0
Delon Wright,TOR,04/22/2017,TOR @ MIL,W,11,0,-6
Giannis Antetokounmpo,MIL,04/22/2017,MIL vs. TOR,L,42,14,-16
Pau Gasol,SAS,04/22/2017,SAS @ MEM,L,21,8,-6
Maurice Harkless,POR,04/22/2017,POR vs. GSW,L,20,1,-7
Al-Farouq Aminu,POR,04/22/2017,POR vs. GSW,L,31,14,-13
David Lee,SAS,04/22/2017,SAS @ MEM,L,33,8,-15
JaVale McGee,GSW,04/22/2017,GSW @ POR,W,16,14,24
Cory Joseph,TOR,04/22/2017,TOR @ MIL,W,8,0,-8
Bradley Beal,WAS,04/22/2017,WAS @ ATL,L,35,12,-26
Wayne Selden,MEM,04/22/2017,MEM vs. SAS,W,17,0,5
Taurean Prince,ATL,04/22/2017,ATL vs. WAS,W,28,16,23
Bojan Bogdanovic,WAS,04/22/2017,WAS @ ATL,L,27,11,-3
Otto Porter Jr.,WAS,04/22/2017,WAS @ ATL,L,24,7,-13
Mike Conley,MEM,04/22/2017,MEM vs. SAS,W,42,35,9
Stephen Curry,GSW,04/22/2017,GSW @ POR,W,39,34,13
Dwight Howard,ATL,04/22/2017,ATL vs. WAS,W,27,5,24
Khris Middleton,MIL,04/22/2017,MIL vs. TOR,L,36,10,-12
LaMarcus Aldridge,SAS,04/22/2017,SAS @ MEM,L,42,13,4
Draymond Green,GSW,04/22/2017,GSW @ POR,W,40,9,3
Marc Gasol,MEM,04/22/2017,MEM vs. SAS,W,46,16,-7
Matthew Dellavedova,MIL,04/22/2017,MIL vs. TOR,L,20,2,1
Danny Green,SAS,04/22/2017,SAS @ MEM,L,26,5,-4
Kelly Oubre Jr.,WAS,04/22/2017,WAS @ ATL,L,24,9,-7
Andrew Harrison,MEM,04/22/2017,MEM vs. SAS,W,20,7,0
JaMychal Green,MEM,04/22/2017,MEM vs. SAS,W,26,14,-2
Kris Humphries,ATL,04/22/2017,ATL vs. WAS,W,3,0,-1
David West,GSW,04/22/2017,GSW @ POR,W,14,6,2
Ersan Ilyasova,ATL,04/22/2017,ATL vs. WAS,W,19,4,-2
Patrick Patterson,TOR,04/22/2017,TOR @ MIL,W,8,0,2
Manu Ginobili,SAS,04/22/2017,SAS @ MEM,L,16,0,-7
Jae Crowder,BOS,04/23/2017,BOS @ CHI,W,40,11,5
Tristan Thompson,CLE,04/23/2017,CLE @ IND,W,34,6,-1
Marreese Speights,LAC,04/23/2017,LAC @ UTA,L,21,5,2
Derrick Favors,UTA,04/23/2017,UTA vs. LAC,W,24,17,12
Alex Abrines,OKC,04/23/2017,OKC vs. HOU,L,15,5,-9
Russell Westbrook,OKC,04/23/2017,OKC vs. HOU,L,39,35,14
Deron Williams,CLE,04/23/2017,CLE @ IND,W,13,14,0
Isaiah Thomas,BOS,04/23/2017,BOS @ CHI,W,36,33,17
Myles Turner,IND,04/23/2017,IND vs. CLE,L,33,20,8
George Hill,UTA,04/23/2017,UTA vs. LAC,W,41,13,14
Bobby Portis,CHI,04/23/2017,CHI vs. BOS,L,23,8,-3
Nikola Mirotic,CHI,04/23/2017,CHI vs. BOS,L,34,13,-5
Luc Mbah a Moute,LAC,04/23/2017,LAC @ UTA,L,34,5,-11
Thaddeus Young,IND,04/23/2017,IND vs. CLE,L,34,13,-4
Kevin Seraphin,IND,04/23/2017,IND vs. CLE,L,15,4,-12
Jimmy Butler,CHI,04/23/2017,CHI vs. BOS,L,46,33,-4
Victor Oladipo,OKC,04/23/2017,OKC vs. HOU,L,39,15,-1
Enes Kanter,OKC,04/23/2017,OKC vs. HOU,L,8,2,-9
Norris Cole,OKC,04/23/2017,OKC vs. HOU,L,9,0,-18
Channing Frye,CLE,04/23/2017,CLE @ IND,W,13,7,0
Wesley Johnson,LAC,04/23/2017,LAC @ UTA,L,4,1,-2
Raymond Felton,LAC,04/23/2017,LAC @ UTA,L,22,11,-5
Jerami Grant,OKC,04/23/2017,OKC vs. HOU,L,14,10,-3
James Harden,HOU,04/23/2017,HOU @ OKC,W,39,16,0
Gerald Green,BOS,04/23/2017,BOS @ CHI,W,23,18,4
Rodney Hood,UTA,04/23/2017,UTA vs. LAC,W,35,18,-1
Raul Neto,UTA,04/23/2017,UTA vs. LAC,W,7,0,-7
Chris Paul,LAC,04/23/2017,LAC @ UTA,L,38,27,-5
Jeff Teague,IND,04/23/2017,IND vs. CLE,L,39,15,-3
Rudy Gobert,UTA,04/23/2017,UTA vs. LAC,W,24,15,-5
CJ Miles,IND,04/23/2017,IND vs. CLE,L,25,6,7
Taj Gibson,OKC,04/23/2017,OKC vs. HOU,L,22,6,1
Jaylen Brown,BOS,04/23/2017,BOS @ CHI,W,1,0,-3
Al Horford,BOS,04/23/2017,BOS @ CHI,W,36,15,5
Lance Stephenson,IND,04/23/2017,IND vs. CLE,L,30,22,-3
Iman Shumpert,CLE,04/23/2017,CLE @ IND,W,17,3,5
Doug McDermott,OKC,04/23/2017,OKC vs. HOU,L,19,5,-1
Kelly Olynyk,BOS,04/23/2017,BOS @ CHI,W,16,10,5
Joe Ingles,UTA,04/23/2017,UTA vs. LAC,W,38,8,13
JJ Redick,LAC,04/23/2017,LAC @ UTA,L,42,12,-11
Paul George,IND,04/23/2017,IND vs. CLE,L,44,15,-6
DeAndre Jordan,LAC,04/23/2017,LAC @ UTA,L,37,12,-11
Steven Adams,OKC,04/23/2017,OKC vs. HOU,L,37,18,5
Shelvin Mack,UTA,04/23/2017,UTA vs. LAC,W,5,0,2
Cristiano Felicio,CHI,04/23/2017,CHI vs. BOS,L,10,3,-3
Marcus Smart,BOS,04/23/2017,BOS @ CHI,W,33,5,9
Joe Johnson,UTA,04/23/2017,UTA vs. LAC,W,35,28,6
Patrick Beverley,HOU,04/23/2017,HOU @ OKC,W,27,6,0
LeBron James,CLE,04/23/2017,CLE @ IND,W,45,33,4
Boris Diaw,UTA,04/23/2017,UTA vs. LAC,W,10,0,4
Andre Roberson,OKC,04/23/2017,OKC vs. HOU,L,38,13,1
JR Smith,CLE,04/23/2017,CLE @ IND,W,29,5,-2
Joffrey Lauvergne,CHI,04/23/2017,CHI vs. BOS,L,7,6,-3
Jamal Crawford,LAC,04/23/2017,LAC @ UTA,L,31,25,1
Jonas Jerebko,BOS,04/23/2017,BOS @ CHI,W,10,2,1
Dwyane Wade,CHI,04/23/2017,CHI vs. BOS,L,38,11,-5
Monta Ellis,IND,04/23/2017,IND vs. CLE,L,6,1,-8
Trevor Ariza,HOU,04/23/2017,HOU @ OKC,W,43,14,2
Lou Williams,HOU,04/23/2017,HOU @ OKC,W,32,18,10
Ryan Anderson,HOU,04/23/2017,HOU @ OKC,W,20,9,-9
Jerian Grant,CHI,04/23/2017,CHI vs. BOS,L,5,0,-10
Dante Exum,UTA,04/23/2017,UTA vs. LAC,W,12,3,1
Michael Carter-Williams,CHI,04/23/2017,CHI vs. BOS,L,8,0,-11
Lavoy Allen,IND,04/23/2017,IND vs. CLE,L,1,0,0
Glenn Robinson III,IND,04/23/2017,IND vs. CLE,L,13,6,1
Paul Zipser,CHI,04/23/2017,CHI vs. BOS,L,14,0,-8
Robin Lopez,CHI,04/23/2017,CHI vs. BOS,L,22,8,-4
Nene,HOU,04/23/2017,HOU @ OKC,W,25,28,24
Isaiah Canaan,CHI,04/23/2017,CHI vs. BOS,L,34,13,11
Eric Gordon,HOU,04/23/2017,HOU @ OKC,W,36,18,18
Kyle Korver,CLE,04/23/2017,CLE @ IND,W,18,5,7
Kevin Love,CLE,04/23/2017,CLE @ IND,W,35,5,3
Avery Bradley,BOS,04/23/2017,BOS @ CHI,W,34,8,2
Clint Capela,HOU,04/23/2017,HOU @ OKC,W,18,4,-25
Terry Rozier,BOS,04/23/2017,BOS @ CHI,W,11,2,0
Kyrie Irving,CLE,04/23/2017,CLE @ IND,W,37,28,4
Gordon Hayward,UTA,04/23/2017,UTA vs. LAC,W,9,3,-4
Paul Pierce,LAC,04/23/2017,LAC @ UTA,L,12,0,7
Pat Connaughton,POR,04/24/2017,POR vs. GSW,L,6,2,3
Kent Bazemore,ATL,04/24/2017,ATL vs. WAS,W,24,16,13
Bojan Bogdanovic,WAS,04/24/2017,WAS @ ATL,L,18,13,-12
Cory Joseph,TOR,04/24/2017,TOR vs. MIL,W,20,10,1
Jonas Valanciunas,TOR,04/24/2017,TOR vs. MIL,W,21,8,15
John Henson,MIL,04/24/2017,MIL @ TOR,L,3,3,-2
Bradley Beal,WAS,04/24/2017,WAS @ ATL,L,39,32,3
Maurice Harkless,POR,04/24/2017,POR vs. GSW,L,15,2,-13
JaVale McGee,GSW,04/24/2017,GSW @ POR,W,10,4,-3
Khris Middleton,MIL,04/24/2017,MIL @ TOR,L,36,8,-10
Tim Hardaway Jr.,ATL,04/24/2017,ATL vs. WAS,W,31,15,5
Jason Smith,WAS,04/24/2017,WAS @ ATL,L,24,5,0
Serge Ibaka,TOR,04/24/2017,TOR vs. MIL,W,25,19,8
Greg Monroe,MIL,04/24/2017,MIL @ TOR,L,22,11,-13
Otto Porter Jr.,WAS,04/24/2017,WAS @ ATL,L,39,13,-8
Ersan Ilyasova,ATL,04/24/2017,ATL vs. WAS,W,22,6,11
Kyle Lowry,TOR,04/24/2017,TOR vs. MIL,W,36,16,29
Damian Lillard,POR,04/24/2017,POR vs. GSW,L,42,34,-31
Jakob Poeltl,TOR,04/24/2017,TOR vs. MIL,W,2,0,2
Draymond Green,GSW,04/24/2017,GSW @ POR,W,33,21,38
Delon Wright,TOR,04/24/2017,TOR vs. MIL,W,3,0,2
Thabo Sefolosha,ATL,04/24/2017,ATL vs. WAS,W,1,0,-8
Patrick McCaw,GSW,04/24/2017,GSW @ POR,W,19,0,-10
Andre Iguodala,GSW,04/24/2017,GSW @ POR,W,24,5,1
Dwight Howard,ATL,04/24/2017,ATL vs. WAS,W,30,16,8
Tony Snell,MIL,04/24/2017,MIL @ TOR,L,36,9,-18
Dennis Schroder,ATL,04/24/2017,ATL vs. WAS,W,28,18,-13
Jose Calderon,ATL,04/24/2017,ATL vs. WAS,W,20,10,29
Tomas Satoransky,WAS,04/24/2017,WAS @ ATL,L,0,0,0
Giannis Antetokounmpo,MIL,04/24/2017,MIL @ TOR,L,41,30,-24
Markieff Morris,WAS,04/24/2017,WAS @ ATL,L,24,9,-10
Mirza Teletovic,MIL,04/24/2017,MIL @ TOR,L,9,3,-10
Evan Turner,POR,04/24/2017,POR vs. GSW,L,21,7,-27
Michael Beasley,MIL,04/24/2017,MIL @ TOR,L,7,0,-1
Ian Clark,GSW,04/24/2017,GSW @ POR,W,21,4,-7
Lucas Nogueira,TOR,04/24/2017,TOR vs. MIL,W,2,0,2
Brandon Jennings,WAS,04/24/2017,WAS @ ATL,L,11,5,-9
James Michael McAdoo,GSW,04/24/2017,GSW @ POR,W,10,4,-7
Marcin Gortat,WAS,04/24/2017,WAS @ ATL,L,35,2,-1
Thon Maker,MIL,04/24/2017,MIL @ TOR,L,23,6,-10
Shabazz Napier,POR,04/24/2017,POR vs. GSW,L,17,14,6
DeMarre Carroll,TOR,04/24/2017,TOR vs. MIL,W,22,12,11
Mike Muscala,ATL,04/24/2017,ATL vs. WAS,W,8,0,-5
Rashad Vaughn,MIL,04/24/2017,MIL @ TOR,L,3,0,-2
Taurean Prince,ATL,04/24/2017,ATL vs. WAS,W,32,11,4
Norman Powell,TOR,04/24/2017,TOR vs. MIL,W,34,25,23
CJ McCollum,POR,04/24/2017,POR vs. GSW,L,31,6,-29
Fred VanVleet,TOR,04/24/2017,TOR vs. MIL,W,3,3,2
Jason Terry,MIL,04/24/2017,MIL @ TOR,L,5,0,-6
Damian Jones,GSW,04/24/2017,GSW @ POR,W,6,2,-6
Mike Dunleavy,ATL,04/24/2017,ATL vs. WAS,W,7,0,0
Zaza Pachulia,GSW,04/24/2017,GSW @ POR,W,19,11,32
Tim Quarterman,POR,04/24/2017,POR vs. GSW,L,2,0,1
DeMar DeRozan,TOR,04/24/2017,TOR vs. MIL,W,33,18,18
Kevin Durant,GSW,04/24/2017,GSW @ POR,W,20,10,25
Kelly Oubre Jr.,WAS,04/24/2017,WAS @ ATL,L,9,0,-12
John Wall,WAS,04/24/2017,WAS @ ATL,L,41,22,-1
Paul Millsap,ATL,04/24/2017,ATL vs. WAS,W,36,19,6
Daniel Ochefu,WAS,04/24/2017,WAS @ ATL,L,0,0,0
Noah Vonleh,POR,04/24/2017,POR vs. GSW,L,33,3,-7
Malcolm Brogdon,MIL,04/24/2017,MIL @ TOR,L,33,19,-8
Al-Farouq Aminu,POR,04/24/2017,POR vs. GSW,L,35,25,-10
Sheldon Mac,WAS,04/24/2017,WAS @ ATL,L,0,0,0
PJ Tucker,TOR,04/24/2017,TOR vs. MIL,W,24,2,12
Patrick Patterson,TOR,04/24/2017,TOR vs. MIL,W,14,5,0
Matthew Dellavedova,MIL,04/24/2017,MIL @ TOR,L,22,4,-21
Meyers Leonard,POR,04/24/2017,POR vs. GSW,L,10,0,-14
Stephen Curry,GSW,04/24/2017,GSW @ POR,W,30,37,29
Klay Thompson,GSW,04/24/2017,GSW @ POR,W,30,18,36
Jake Layman,POR,04/24/2017,POR vs. GSW,L,6,3,3
Allen Crabbe,POR,04/24/2017,POR vs. GSW,L,24,7,-7
David West,GSW,04/24/2017,GSW @ POR,W,16,12,-3
Kyle Anderson,SAS,04/25/2017,SAS vs. MEM,W,2,0,-4
Wesley Johnson,LAC,04/25/2017,LAC vs. UTA,L,3,0,-3
Steven Adams,OKC,04/25/2017,OKC @ HOU,L,39,7,10
Russell Westbrook,OKC,04/25/2017,OKC @ HOU,L,42,47,12
Derrick Favors,UTA,04/25/2017,UTA @ LAC,W,12,4,-3
Marreese Speights,LAC,04/25/2017,LAC vs. UTA,L,13,1,-10
Alex Abrines,OKC,04/25/2017,OKC @ HOU,L,22,11,-24
Rodney Hood,UTA,04/25/2017,UTA @ LAC,W,29,16,7
Marc Gasol,MEM,04/25/2017,MEM @ SAS,L,41,17,-12
Patty Mills,SAS,04/25/2017,SAS vs. MEM,W,22,20,22
Tony Parker,SAS,04/25/2017,SAS vs. MEM,W,30,16,7
Rudy Gobert,UTA,04/25/2017,UTA @ LAC,W,36,11,6
James Ennis III,MEM,04/25/2017,MEM @ SAS,L,31,11,-17
Mike Conley,MEM,04/25/2017,MEM @ SAS,L,35,26,-3
Andrew Harrison,MEM,04/25/2017,MEM @ SAS,L,23,9,-21
JJ Redick,LAC,04/25/2017,LAC vs. UTA,L,34,26,-3
Norris Cole,OKC,04/25/2017,OKC @ HOU,L,0,0,-2
Trevor Ariza,HOU,04/25/2017,HOU vs. OKC,W,36,2,-8
Danny Green,SAS,04/25/2017,SAS vs. MEM,W,22,3,-1
Jarell Martin,MEM,04/25/2017,MEM @ SAS,L,2,2,4
Deyonta Davis,MEM,04/25/2017,MEM @ SAS,L,2,0,4
Jamal Crawford,LAC,04/25/2017,LAC vs. UTA,L,23,4,4
George Hill,UTA,04/25/2017,UTA @ LAC,W,36,12,3
LaMarcus Aldridge,SAS,04/25/2017,SAS vs. MEM,W,38,12,20
Raymond Felton,LAC,04/25/2017,LAC vs. UTA,L,17,2,-8
Joe Johnson,UTA,04/25/2017,UTA @ LAC,W,31,14,1
Paul Pierce,LAC,04/25/2017,LAC vs. UTA,L,14,6,6
Ryan Anderson,HOU,04/25/2017,HOU vs. OKC,W,24,2,11
David Lee,SAS,04/25/2017,SAS vs. MEM,W,26,11,-1
Davis Bertans,SAS,04/25/2017,SAS vs. MEM,W,14,3,-3
Dewayne Dedmon,SAS,04/25/2017,SAS vs. MEM,W,2,1,-4
Brandon Bass,LAC,04/25/2017,LAC vs. UTA,L,4,2,-5
Wade Baldwin IV,MEM,04/25/2017,MEM @ SAS,L,2,2,4
Dejounte Murray,SAS,04/25/2017,SAS vs. MEM,W,2,1,-4
Andre Roberson,OKC,04/25/2017,OKC @ HOU,L,37,3,5
DeAndre Jordan,LAC,04/25/2017,LAC vs. UTA,L,40,14,10
Eric Gordon,HOU,04/25/2017,HOU vs. OKC,W,35,8,1
Luc Mbah a Moute,LAC,04/25/2017,LAC vs. UTA,L,37,7,-10
Joe Ingles,UTA,04/25/2017,UTA @ LAC,W,29,0,-1
Pau Gasol,SAS,04/25/2017,SAS vs. MEM,W,16,9,14
Austin Rivers,LAC,04/25/2017,LAC vs. UTA,L,18,2,-4
Jonathon Simmons,SAS,04/25/2017,SAS vs. MEM,W,9,2,-6
JaMychal Green,MEM,04/25/2017,MEM @ SAS,L,24,11,-14
Vince Carter,MEM,04/25/2017,MEM @ SAS,L,32,10,-9
Gordon Hayward,UTA,04/25/2017,UTA @ LAC,W,41,27,-1
Chris Paul,LAC,04/25/2017,LAC vs. UTA,L,38,28,3
Troy Daniels,MEM,04/25/2017,MEM @ SAS,L,10,0,10
Boris Diaw,UTA,04/25/2017,UTA @ LAC,W,14,10,1
Patrick Beverley,HOU,04/25/2017,HOU vs. OKC,W,27,15,10
Enes Kanter,OKC,04/25/2017,OKC @ HOU,L,3,0,-6
Clint Capela,HOU,04/25/2017,HOU vs. OKC,W,22,8,7
Doug McDermott,OKC,04/25/2017,OKC @ HOU,L,14,0,-12
Kawhi Leonard,SAS,04/25/2017,SAS vs. MEM,W,39,28,19
Jerami Grant,OKC,04/25/2017,OKC @ HOU,L,24,11,-24
Manu Ginobili,SAS,04/25/2017,SAS vs. MEM,W,18,10,6
Taj Gibson,OKC,04/25/2017,OKC @ HOU,L,25,10,13
Nene,HOU,04/25/2017,HOU vs. OKC,W,26,14,-1
Dante Exum,UTA,04/25/2017,UTA @ LAC,W,4,0,2
Victor Oladipo,OKC,04/25/2017,OKC @ HOU,L,34,10,-2
James Harden,HOU,04/25/2017,HOU vs. OKC,W,38,34,-6
Zach Randolph,MEM,04/25/2017,MEM @ SAS,L,26,9,-8
Lou Williams,HOU,04/25/2017,HOU vs. OKC,W,33,22,16
Wayne Selden,MEM,04/25/2017,MEM @ SAS,L,10,6,-3
Raul Neto,UTA,04/25/2017,UTA @ LAC,W,8,2,5
Kelly Olynyk,BOS,04/26/2017,BOS vs. CHI,W,20,14,14
Ersan Ilyasova,ATL,04/26/2017,ATL @ WAS,L,9,2,-7
Al Horford,BOS,04/26/2017,BOS vs. CHI,W,34,21,2
Tomas Satoransky,WAS,04/26/2017,WAS vs. ATL,W,0,0,0
Otto Porter Jr.,WAS,04/26/2017,WAS vs. ATL,W,31,17,1
Brandon Jennings,WAS,04/26/2017,WAS vs. ATL,W,16,2,3
Mike Dunleavy,ATL,04/26/2017,ATL @ WAS,L,12,5,0
Thabo Sefolosha,ATL,04/26/2017,ATL @ WAS,L,0,0,0
Marcin Gortat,WAS,04/26/2017,WAS vs. ATL,W,39,5,0
Jonas Jerebko,BOS,04/26/2017,BOS vs. CHI,W,10,2,3
Tim Hardaway Jr.,ATL,04/26/2017,ATL @ WAS,L,38,15,-2
Jose Calderon,ATL,04/26/2017,ATL @ WAS,L,10,2,-7
Michael Carter-Williams,CHI,04/26/2017,CHI @ BOS,L,4,2,-4
Robin Lopez,CHI,04/26/2017,CHI @ BOS,L,29,14,-5
Marcus Smart,BOS,04/26/2017,BOS vs. CHI,W,34,8,12
Taurean Prince,ATL,04/26/2017,ATL @ WAS,L,32,10,-3
Dwyane Wade,CHI,04/26/2017,CHI @ BOS,L,35,26,-1
John Wall,WAS,04/26/2017,WAS vs. ATL,W,39,20,3
Bobby Portis,CHI,04/26/2017,CHI @ BOS,L,12,3,-8
Mike Muscala,ATL,04/26/2017,ATL @ WAS,L,16,4,2
Anthony Morrow,CHI,04/26/2017,CHI @ BOS,L,17,8,1
Bojan Bogdanovic,WAS,04/26/2017,WAS vs. ATL,W,24,14,6
Paul Zipser,CHI,04/26/2017,CHI @ BOS,L,18,5,2
Kent Bazemore,ATL,04/26/2017,ATL @ WAS,L,23,6,0
Denzel Valentine,CHI,04/26/2017,CHI @ BOS,L,2,0,2
Isaiah Thomas,BOS,04/26/2017,BOS vs. CHI,W,36,24,13
Avery Bradley,BOS,04/26/2017,BOS vs. CHI,W,40,24,11
Paul Millsap,ATL,04/26/2017,ATL @ WAS,L,35,21,-2
Jimmy Butler,CHI,04/26/2017,CHI @ BOS,L,39,14,-11
Markieff Morris,WAS,04/26/2017,WAS vs. ATL,W,20,8,10
Bradley Beal,WAS,04/26/2017,WAS vs. ATL,W,41,27,2
Dwight Howard,ATL,04/26/2017,ATL @ WAS,L,28,5,-4
Jason Smith,WAS,04/26/2017,WAS vs. ATL,W,16,5,-4
Cristiano Felicio,CHI,04/26/2017,CHI @ BOS,L,15,6,-13
Isaiah Canaan,CHI,04/26/2017,CHI @ BOS,L,36,13,-13
Gerald Green,BOS,04/26/2017,BOS vs. CHI,W,12,2,-12
Terry Rozier,BOS,04/26/2017,BOS vs. CHI,W,18,5,3
Dennis Schroder,ATL,04/26/2017,ATL @ WAS,L,38,29,3
Nikola Mirotic,CHI,04/26/2017,CHI @ BOS,L,35,6,-5
Kelly Oubre Jr.,WAS,04/26/2017,WAS vs. ATL,W,13,5,-1
Jae Crowder,BOS,04/26/2017,BOS vs. CHI,W,35,8,9
Thon Maker,MIL,04/27/2017,MIL vs. TOR,L,13,2,-4
Greg Monroe,MIL,04/27/2017,MIL vs. TOR,L,24,6,11
Troy Daniels,MEM,04/27/2017,MEM vs. SAS,L,21,3,18
Manu Ginobili,SAS,04/27/2017,SAS @ MEM,W,17,4,-1
Jonas Valanciunas,TOR,04/27/2017,TOR @ MIL,W,17,6,4
Tony Snell,MIL,04/27/2017,MIL vs. TOR,L,31,2,-8
James Ennis III,MEM,04/27/2017,MEM vs. SAS,L,29,11,-15
Zach Randolph,MEM,04/27/2017,MEM vs. SAS,L,38,13,4
Vince Carter,MEM,04/27/2017,MEM vs. SAS,L,32,12,-11
DeMar DeRozan,TOR,04/27/2017,TOR @ MIL,W,40,32,5
Patty Mills,SAS,04/27/2017,SAS @ MEM,W,22,10,6
Danny Green,SAS,04/27/2017,SAS @ MEM,W,27,7,-2
Davis Bertans,SAS,04/27/2017,SAS @ MEM,W,4,0,2
Cory Joseph,TOR,04/27/2017,TOR @ MIL,W,15,5,-1
Marc Gasol,MEM,04/27/2017,MEM vs. SAS,L,45,18,-7
David Lee,SAS,04/27/2017,SAS @ MEM,W,26,7,5
Delon Wright,TOR,04/27/2017,TOR @ MIL,W,6,4,3
DeMarre Carroll,TOR,04/27/2017,TOR @ MIL,W,13,6,3
Norman Powell,TOR,04/27/2017,TOR @ MIL,W,31,8,5
Dewayne Dedmon,SAS,04/27/2017,SAS @ MEM,W,3,2,0
Tony Parker,SAS,04/27/2017,SAS @ MEM,W,31,27,12
Serge Ibaka,TOR,04/27/2017,TOR @ MIL,W,31,7,1
Andrew Harrison,MEM,04/27/2017,MEM vs. SAS,L,8,6,-8
PJ Tucker,TOR,04/27/2017,TOR @ MIL,W,21,4,-9
John Henson,MIL,04/27/2017,MIL vs. TOR,L,9,0,-8
Jonathon Simmons,SAS,04/27/2017,SAS @ MEM,W,8,0,-8
Wayne Selden,MEM,04/27/2017,MEM vs. SAS,L,8,2,1
Jason Terry,MIL,04/27/2017,MIL vs. TOR,L,18,8,7
Kawhi Leonard,SAS,04/27/2017,SAS @ MEM,W,40,29,15
LaMarcus Aldridge,SAS,04/27/2017,SAS @ MEM,W,42,17,6
Patrick Patterson,TOR,04/27/2017,TOR @ MIL,W,23,7,-3
Malcolm Brogdon,MIL,04/27/2017,MIL vs. TOR,L,23,6,-15
Giannis Antetokounmpo,MIL,04/27/2017,MIL vs. TOR,L,47,34,1
Mike Conley,MEM,04/27/2017,MEM vs. SAS,L,45,26,-6
Matthew Dellavedova,MIL,04/27/2017,MIL vs. TOR,L,34,12,1
Kyle Lowry,TOR,04/27/2017,TOR @ MIL,W,44,13,7
JaMychal Green,MEM,04/27/2017,MEM vs. SAS,L,14,5,-11
Khris Middleton,MIL,04/27/2017,MIL vs. TOR,L,42,19,0
Pau Gasol,SAS,04/27/2017,SAS @ MEM,W,20,0,0
Cristiano Felicio,CHI,04/28/2017,CHI vs. BOS,L,5,0,0
Brandon Jennings,WAS,04/28/2017,WAS @ ATL,W,16,0,-19
John Wall,WAS,04/28/2017,WAS @ ATL,W,44,42,19
Tim Hardaway Jr.,ATL,04/28/2017,ATL vs. WAS,L,40,13,-4
JJ Redick,LAC,04/28/2017,LAC @ UTA,W,21,4,-7
Mike Dunleavy,ATL,04/28/2017,ATL vs. WAS,L,1,0,-4
Paul Pierce,LAC,04/28/2017,LAC @ UTA,W,22,3,10
Austin Rivers,LAC,04/28/2017,LAC @ UTA,W,35,13,4
Luc Mbah a Moute,LAC,04/28/2017,LAC @ UTA,W,29,13,-9
Bradley Beal,WAS,04/28/2017,WAS @ ATL,W,34,31,32
Taurean Prince,ATL,04/28/2017,ATL vs. WAS,L,33,4,-13
Dennis Schroder,ATL,04/28/2017,ATL vs. WAS,L,40,26,-17
Tyler Zeller,BOS,04/28/2017,BOS @ CHI,W,5,0,-5
Gordon Hayward,UTA,04/28/2017,UTA vs. LAC,L,42,31,-3
James Young,BOS,04/28/2017,BOS @ CHI,W,4,0,-5
Otto Porter Jr.,WAS,04/28/2017,WAS @ ATL,W,28,8,24
Jimmy Butler,CHI,04/28/2017,CHI vs. BOS,L,31,23,-19
Kelly Olynyk,BOS,04/28/2017,BOS @ CHI,W,19,6,-1
Raul Neto,UTA,04/28/2017,UTA vs. LAC,L,14,5,-10
Derrick Favors,UTA,04/28/2017,UTA vs. LAC,L,15,2,1
Jamal Crawford,LAC,04/28/2017,LAC @ UTA,W,29,12,19
Markieff Morris,WAS,04/28/2017,WAS @ ATL,W,40,17,20
Denzel Valentine,CHI,04/28/2017,CHI vs. BOS,L,16,2,1
Terry Rozier,BOS,04/28/2017,BOS @ CHI,W,22,9,-2
Marreese Speights,LAC,04/28/2017,LAC @ UTA,W,10,9,6
Robin Lopez,CHI,04/28/2017,CHI vs. BOS,L,24,10,-16
Al Horford,BOS,04/28/2017,BOS @ CHI,W,27,12,25
Gerald Green,BOS,04/28/2017,BOS @ CHI,W,27,16,23
Jonas Jerebko,BOS,04/28/2017,BOS @ CHI,W,19,3,-1
Michael Carter-Williams,CHI,04/28/2017,CHI vs. BOS,L,14,8,8
Chris Paul,LAC,04/28/2017,LAC @ UTA,W,38,29,0
Joe Ingles,UTA,04/28/2017,UTA vs. LAC,L,32,0,12
Marcin Gortat,WAS,04/28/2017,WAS @ ATL,W,18,2,7
Bojan Bogdanovic,WAS,04/28/2017,WAS @ ATL,W,25,10,8
Daniel Ochefu,WAS,04/28/2017,WAS @ ATL,W,1,0,0
Rudy Gobert,UTA,04/28/2017,UTA vs. LAC,L,33,15,-6
Jae Crowder,BOS,04/28/2017,BOS @ CHI,W,28,12,26
Avery Bradley,BOS,04/28/2017,BOS @ CHI,W,31,23,25
Rodney Hood,UTA,04/28/2017,UTA vs. LAC,L,24,4,-21
Joe Johnson,UTA,04/28/2017,UTA vs. LAC,L,34,9,-18
Jose Calderon,ATL,04/28/2017,ATL vs. WAS,L,16,6,-5
Joffrey Lauvergne,CHI,04/28/2017,CHI vs. BOS,L,15,8,8
Kelly Oubre Jr.,WAS,04/28/2017,WAS @ ATL,W,21,5,-12
DeAndre Jordan,LAC,04/28/2017,LAC @ UTA,W,38,13,-1
Anthony Morrow,CHI,04/28/2017,CHI vs. BOS,L,8,0,-3
Dwyane Wade,CHI,04/28/2017,CHI vs. BOS,L,19,2,-27
Nikola Mirotic,CHI,04/28/2017,CHI vs. BOS,L,20,5,-27
Boris Diaw,UTA,04/28/2017,UTA vs. LAC,L,14,5,13
Bobby Portis,CHI,04/28/2017,CHI vs. BOS,L,30,5,-3
Raymond Felton,LAC,04/28/2017,LAC @ UTA,W,20,2,3
Tomas Satoransky,WAS,04/28/2017,WAS @ ATL,W,1,0,0
George Hill,UTA,04/28/2017,UTA vs. LAC,L,32,22,7
Kent Bazemore,ATL,04/28/2017,ATL vs. WAS,L,30,9,-6
Sheldon Mac,WAS,04/28/2017,WAS @ ATL,W,1,0,0
Jerian Grant,CHI,04/28/2017,CHI vs. BOS,L,5,4,5
Dwight Howard,ATL,04/28/2017,ATL vs. WAS,L,23,9,-14
Isaiah Thomas,BOS,04/28/2017,BOS @ CHI,W,26,12,24
Marcus Smart,BOS,04/28/2017,BOS @ CHI,W,25,6,5
Jason Smith,WAS,04/28/2017,WAS @ ATL,W,11,0,1
Paul Millsap,ATL,04/28/2017,ATL vs. WAS,L,46,31,-12
Ersan Ilyasova,ATL,04/28/2017,ATL vs. WAS,L,5,1,-4
Jaylen Brown,BOS,04/28/2017,BOS @ CHI,W,7,6,-4
Mike Muscala,ATL,04/28/2017,ATL vs. WAS,L,6,0,-1
Isaiah Canaan,CHI,04/28/2017,CHI vs. BOS,L,25,9,-27
Paul Zipser,CHI,04/28/2017,CHI vs. BOS,L,28,7,-10
Otto Porter Jr.,WAS,04/30/2017,WAS @ BOS,L,41,16,3
Marcus Smart,BOS,04/30/2017,BOS vs. WAS,W,31,6,12
Joe Ingles,UTA,04/30/2017,UTA @ LAC,W,36,12,6
Rudy Gobert,UTA,04/30/2017,UTA @ LAC,W,13,1,1
Raymond Felton,LAC,04/30/2017,LAC vs. UTA,L,24,6,5
Marcin Gortat,WAS,04/30/2017,WAS @ BOS,L,39,16,-15
Gerald Green,BOS,04/30/2017,BOS vs. WAS,W,7,0,-13
Boris Diaw,UTA,04/30/2017,UTA @ LAC,W,17,10,9
Terry Rozier,BOS,04/30/2017,BOS vs. WAS,W,15,4,13
Brandon Jennings,WAS,04/30/2017,WAS @ BOS,L,13,0,-6
Kelly Oubre Jr.,WAS,04/30/2017,WAS @ BOS,L,26,12,-22
Markieff Morris,WAS,04/30/2017,WAS @ BOS,L,11,5,7
Al Horford,BOS,04/30/2017,BOS vs. WAS,W,35,21,21
Jeff Withey,UTA,04/30/2017,UTA @ LAC,W,3,0,-3
Rodney Hood,UTA,04/30/2017,UTA @ LAC,W,20,11,-8
JJ Redick,LAC,04/30/2017,LAC vs. UTA,L,22,3,-16
Jason Smith,WAS,04/30/2017,WAS @ BOS,L,10,5,1
Avery Bradley,BOS,04/30/2017,BOS vs. WAS,W,39,18,7
Luc Mbah a Moute,LAC,04/30/2017,LAC vs. UTA,L,15,2,-9
Austin Rivers,LAC,04/30/2017,LAC vs. UTA,L,38,9,-12
Dante Exum,UTA,04/30/2017,UTA @ LAC,W,8,0,4
Raul Neto,UTA,04/30/2017,UTA @ LAC,W,2,0,-4
DeAndre Jordan,LAC,04/30/2017,LAC vs. UTA,L,40,24,-16
Bradley Beal,WAS,04/30/2017,WAS @ BOS,L,40,27,-7
Amir Johnson,BOS,04/30/2017,BOS vs. WAS,W,9,0,-7
Jae Crowder,BOS,04/30/2017,BOS vs. WAS,W,35,24,26
Jonas Jerebko,BOS,04/30/2017,BOS vs. WAS,W,6,0,-11
Joe Johnson,UTA,04/30/2017,UTA @ LAC,W,30,10,8
Tomas Satoransky,WAS,04/30/2017,WAS @ BOS,L,1,0,-1
Derrick Favors,UTA,04/30/2017,UTA @ LAC,W,30,17,15
Marreese Speights,LAC,04/30/2017,LAC vs. UTA,L,8,8,3
Jamal Crawford,LAC,04/30/2017,LAC vs. UTA,L,32,20,-3
Paul Pierce,LAC,04/30/2017,LAC vs. UTA,L,21,6,-7
Daniel Ochefu,WAS,04/30/2017,WAS @ BOS,L,1,0,0
Chris Paul,LAC,04/30/2017,LAC vs. UTA,L,40,13,-10
Kelly Olynyk,BOS,04/30/2017,BOS vs. WAS,W,18,12,4
Bojan Bogdanovic,WAS,04/30/2017,WAS @ BOS,L,19,10,-15
Jaylen Brown,BOS,04/30/2017,BOS vs. WAS,W,6,5,8
George Hill,UTA,04/30/2017,UTA @ LAC,W,35,17,21
John Wall,WAS,04/30/2017,WAS @ BOS,L,39,20,-5
Isaiah Thomas,BOS,04/30/2017,BOS vs. WAS,W,38,33,0
Gordon Hayward,UTA,04/30/2017,UTA @ LAC,W,42,26,13
Shelvin Mack,UTA,04/30/2017,UTA @ LAC,W,3,0,3
James Young,BOS,04/30/2017,BOS vs. WAS,W,1,0,0
Lou Williams,HOU,05/01/2017,HOU @ SAS,W,23,13,22
Tristan Thompson,CLE,05/01/2017,CLE vs. TOR,W,38,11,33
LaMarcus Aldridge,SAS,05/01/2017,SAS vs. HOU,L,25,4,-36
Delon Wright,TOR,05/01/2017,TOR @ CLE,L,8,2,14
Manu Ginobili,SAS,05/01/2017,SAS vs. HOU,L,12,8,-7
Deron Williams,CLE,05/01/2017,CLE vs. TOR,W,18,4,-18
Sam Dekker,HOU,05/01/2017,HOU @ SAS,W,7,3,-7
Channing Frye,CLE,05/01/2017,CLE vs. TOR,W,12,5,-19
Kevin Love,CLE,05/01/2017,CLE vs. TOR,W,32,18,29
Patrick Patterson,TOR,05/01/2017,TOR @ CLE,L,22,5,-14
Kyle Korver,CLE,05/01/2017,CLE vs. TOR,W,17,6,1
Jonas Valanciunas,TOR,05/01/2017,TOR @ CLE,L,21,6,-21
Kyle Wiltjer,HOU,05/01/2017,HOU @ SAS,W,5,3,-10
Patrick Beverley,HOU,05/01/2017,HOU @ SAS,W,24,7,36
Fred VanVleet,TOR,05/01/2017,TOR @ CLE,L,3,6,9
Kyle Anderson,SAS,05/01/2017,SAS vs. HOU,L,12,9,2
Jakob Poeltl,TOR,05/01/2017,TOR @ CLE,L,3,2,9
Tony Parker,SAS,05/01/2017,SAS vs. HOU,L,23,11,-14
Davis Bertans,SAS,05/01/2017,SAS vs. HOU,L,11,0,6
Cory Joseph,TOR,05/01/2017,TOR @ CLE,L,10,2,0
Serge Ibaka,TOR,05/01/2017,TOR @ CLE,L,32,15,-14
David Lee,SAS,05/01/2017,SAS vs. HOU,L,29,4,-10
Nene,HOU,05/01/2017,HOU @ SAS,W,16,7,5
Kawhi Leonard,SAS,05/01/2017,SAS vs. HOU,L,32,21,-16
Trevor Ariza,HOU,05/01/2017,HOU @ SAS,W,31,23,18
PJ Tucker,TOR,05/01/2017,TOR @ CLE,L,26,13,-1
Pascal Siakam,TOR,05/01/2017,TOR @ CLE,L,3,0,9
DeMarre Carroll,TOR,05/01/2017,TOR @ CLE,L,15,3,-15
Patty Mills,SAS,05/01/2017,SAS vs. HOU,L,16,7,-20
Pau Gasol,SAS,05/01/2017,SAS vs. HOU,L,22,6,-11
Troy Williams,HOU,05/01/2017,HOU @ SAS,W,5,1,-10
James Harden,HOU,05/01/2017,HOU @ SAS,W,31,20,18
JR Smith,CLE,05/01/2017,CLE vs. TOR,W,22,6,15
Eric Gordon,HOU,05/01/2017,HOU @ SAS,W,24,11,14
Dejounte Murray,SAS,05/01/2017,SAS vs. HOU,L,9,4,7
Kyle Lowry,TOR,05/01/2017,TOR @ CLE,L,40,20,-13
James Jones,CLE,05/01/2017,CLE vs. TOR,W,0,0,-2
Danny Green,SAS,05/01/2017,SAS vs. HOU,L,22,8,-22
Clint Capela,HOU,05/01/2017,HOU @ SAS,W,25,20,29
Norman Powell,TOR,05/01/2017,TOR @ CLE,L,21,12,14
Bobby Brown,HOU,05/01/2017,HOU @ SAS,W,5,3,-10
Dahntay Jones,CLE,05/01/2017,CLE vs. TOR,W,3,2,-7
Ryan Anderson,HOU,05/01/2017,HOU @ SAS,W,35,14,37
Montrezl Harrell,HOU,05/01/2017,HOU @ SAS,W,7,1,-7
Jonathon Simmons,SAS,05/01/2017,SAS vs. HOU,L,21,11,-9
Derrick Williams,CLE,05/01/2017,CLE vs. TOR,W,3,0,-9
Iman Shumpert,CLE,05/01/2017,CLE vs. TOR,W,18,5,-16
DeMar DeRozan,TOR,05/01/2017,TOR @ CLE,L,35,19,-32
Kyrie Irving,CLE,05/01/2017,CLE vs. TOR,W,35,24,32
Dewayne Dedmon,SAS,05/01/2017,SAS vs. HOU,L,7,6,-5
LeBron James,CLE,05/01/2017,CLE vs. TOR,W,41,35,16
Avery Bradley,BOS,05/02/2017,BOS vs. WAS,W,35,14,-5
Joe Johnson,UTA,05/02/2017,UTA @ GSW,L,22,11,-15
Markieff Morris,WAS,05/02/2017,WAS @ BOS,L,27,16,10
JaVale McGee,GSW,05/02/2017,GSW vs. UTA,W,10,2,-1
Kelly Oubre Jr.,WAS,05/02/2017,WAS @ BOS,L,28,12,-24
Bradley Beal,WAS,05/02/2017,WAS @ BOS,L,47,14,-10
Rodney Hood,UTA,05/02/2017,UTA @ GSW,L,23,12,-1
Jason Smith,WAS,05/02/2017,WAS @ BOS,L,16,10,-6
Amir Johnson,BOS,05/02/2017,BOS vs. WAS,W,5,0,-8
John Wall,WAS,05/02/2017,WAS @ BOS,L,47,40,-3
David West,GSW,05/02/2017,GSW vs. UTA,W,18,4,14
Joe Ingles,UTA,05/02/2017,UTA @ GSW,L,23,5,-12
Boris Diaw,UTA,05/02/2017,UTA @ GSW,L,20,4,-4
Klay Thompson,GSW,05/02/2017,GSW vs. UTA,W,31,15,23
Brandon Jennings,WAS,05/02/2017,WAS @ BOS,L,12,0,-7
Andre Iguodala,GSW,05/02/2017,GSW vs. UTA,W,24,4,9
James Michael McAdoo,GSW,05/02/2017,GSW vs. UTA,W,3,0,-6
Shaun Livingston,GSW,05/02/2017,GSW vs. UTA,W,20,9,-7
Gordon Hayward,UTA,05/02/2017,UTA @ GSW,L,35,12,-7
Shelvin Mack,UTA,05/02/2017,UTA @ GSW,L,21,6,-1
Jaylen Brown,BOS,05/02/2017,BOS vs. WAS,W,12,4,5
Kelly Olynyk,BOS,05/02/2017,BOS vs. WAS,W,21,8,11
Dante Exum,UTA,05/02/2017,UTA @ GSW,L,12,7,-6
Marcin Gortat,WAS,05/02/2017,WAS @ BOS,L,42,14,4
Derrick Favors,UTA,05/02/2017,UTA @ GSW,L,12,4,-17
Raul Neto,UTA,05/02/2017,UTA @ GSW,L,3,2,6
Stephen Curry,GSW,05/02/2017,GSW vs. UTA,W,30,22,5
Trey Lyles,UTA,05/02/2017,UTA @ GSW,L,6,7,7
Otto Porter Jr.,WAS,05/02/2017,WAS @ BOS,L,38,13,-4
Zaza Pachulia,GSW,05/02/2017,GSW vs. UTA,W,14,10,6
Rudy Gobert,UTA,05/02/2017,UTA @ GSW,L,31,13,-3
Al Horford,BOS,05/02/2017,BOS vs. WAS,W,43,15,2
Jae Crowder,BOS,05/02/2017,BOS vs. WAS,W,41,14,3
Matt Barnes,GSW,05/02/2017,GSW vs. UTA,W,4,0,-5
Marcus Smart,BOS,05/02/2017,BOS vs. WAS,W,39,9,7
Terry Rozier,BOS,05/02/2017,BOS vs. WAS,W,25,12,25
Patrick McCaw,GSW,05/02/2017,GSW vs. UTA,W,3,0,-6
Draymond Green,GSW,05/02/2017,GSW vs. UTA,W,34,17,19
Kevin Durant,GSW,05/02/2017,GSW vs. UTA,W,31,17,2
Bojan Bogdanovic,WAS,05/02/2017,WAS @ BOS,L,8,0,-10
George Hill,UTA,05/02/2017,UTA @ GSW,L,28,7,-15
Joel Bolomboy,UTA,05/02/2017,UTA @ GSW,L,5,4,8
Isaiah Thomas,BOS,05/02/2017,BOS vs. WAS,W,45,53,10
Ian Clark,GSW,05/02/2017,GSW vs. UTA,W,18,6,7
Kyle Anderson,SAS,05/03/2017,SAS vs. HOU,W,4,0,-5
Trevor Ariza,HOU,05/03/2017,HOU @ SAS,L,33,2,-14
Dewayne Dedmon,SAS,05/03/2017,SAS vs. HOU,W,4,5,-1
Jakob Poeltl,TOR,05/03/2017,TOR @ CLE,L,6,2,6
Danny Green,SAS,05/03/2017,SAS vs. HOU,W,31,12,22
LaMarcus Aldridge,SAS,05/03/2017,SAS vs. HOU,W,30,15,14
Manu Ginobili,SAS,05/03/2017,SAS vs. HOU,W,18,6,16
Dahntay Jones,CLE,05/03/2017,CLE vs. TOR,W,2,0,-4
Eric Gordon,HOU,05/03/2017,HOU @ SAS,L,29,15,-25
Kawhi Leonard,SAS,05/03/2017,SAS vs. HOU,W,38,34,24
James Harden,HOU,05/03/2017,HOU @ SAS,L,34,13,-13
Norman Powell,TOR,05/03/2017,TOR @ CLE,L,27,8,-24
Patty Mills,SAS,05/03/2017,SAS vs. HOU,W,21,7,3
Lou Williams,HOU,05/03/2017,HOU @ SAS,L,18,4,-11
Patrick Patterson,TOR,05/03/2017,TOR @ CLE,L,18,3,-12
James Jones,CLE,05/03/2017,CLE vs. TOR,W,2,0,-4
Ryan Anderson,HOU,05/03/2017,HOU @ SAS,L,35,18,-26
Nene,HOU,05/03/2017,HOU @ SAS,L,18,10,-3
Delon Wright,TOR,05/03/2017,TOR @ CLE,L,15,4,2
Kyle Lowry,TOR,05/03/2017,TOR @ CLE,L,30,20,-22
Tristan Thompson,CLE,05/03/2017,CLE vs. TOR,W,29,9,25
Kyle Korver,CLE,05/03/2017,CLE vs. TOR,W,20,3,2
Bobby Brown,HOU,05/03/2017,HOU @ SAS,L,4,5,1
Channing Frye,CLE,05/03/2017,CLE vs. TOR,W,18,18,1
Jonathon Simmons,SAS,05/03/2017,SAS vs. HOU,W,20,14,15
JR Smith,CLE,05/03/2017,CLE vs. TOR,W,31,6,28
Sam Dekker,HOU,05/03/2017,HOU @ SAS,L,4,0,1
DeMarre Carroll,TOR,05/03/2017,TOR @ CLE,L,19,0,-2
Richard Jefferson,CLE,05/03/2017,CLE vs. TOR,W,6,0,-6
LeBron James,CLE,05/03/2017,CLE vs. TOR,W,37,39,24
Jonas Valanciunas,TOR,05/03/2017,TOR @ CLE,L,20,23,-13
Cory Joseph,TOR,05/03/2017,TOR @ CLE,L,25,22,-6
Clint Capela,HOU,05/03/2017,HOU @ SAS,L,25,14,-15
Patrick Beverley,HOU,05/03/2017,HOU @ SAS,L,30,12,-23
Isaiah Taylor,HOU,05/03/2017,HOU @ SAS,L,4,0,1
Dejounte Murray,SAS,05/03/2017,SAS vs. HOU,W,4,0,-1
PJ Tucker,TOR,05/03/2017,TOR @ CLE,L,16,0,-9
Iman Shumpert,CLE,05/03/2017,CLE vs. TOR,W,27,14,12
Davis Bertans,SAS,05/03/2017,SAS vs. HOU,W,4,0,-1
Pau Gasol,SAS,05/03/2017,SAS vs. HOU,W,29,6,14
Deron Williams,CLE,05/03/2017,CLE vs. TOR,W,18,5,-4
Pascal Siakam,TOR,05/03/2017,TOR @ CLE,L,7,0,5
Montrezl Harrell,HOU,05/03/2017,HOU @ SAS,L,4,3,1
Kyrie Irving,CLE,05/03/2017,CLE vs. TOR,W,30,22,26
Serge Ibaka,TOR,05/03/2017,TOR @ CLE,L,26,16,-18
David Lee,SAS,05/03/2017,SAS vs. HOU,W,11,4,7
Troy Williams,HOU,05/03/2017,HOU @ SAS,L,4,0,1
Tony Parker,SAS,05/03/2017,SAS vs. HOU,W,26,18,18
Fred VanVleet,TOR,05/03/2017,TOR @ CLE,L,2,0,4
DeMar DeRozan,TOR,05/03/2017,TOR @ CLE,L,31,5,-21
Kevin Love,CLE,05/03/2017,CLE vs. TOR,W,21,9,10
Terry Rozier,BOS,05/04/2017,BOS @ WAS,L,9,2,-9
David West,GSW,05/04/2017,GSW vs. UTA,W,15,4,-3
Joe Johnson,UTA,05/04/2017,UTA @ GSW,L,30,8,-15
Gordon Hayward,UTA,05/04/2017,UTA @ GSW,L,40,33,-9
Bradley Beal,WAS,05/04/2017,WAS vs. BOS,W,26,11,17
Jae Crowder,BOS,05/04/2017,BOS @ WAS,L,26,14,-18
Kelly Oubre Jr.,WAS,05/04/2017,WAS vs. BOS,W,5,2,3
Trey Burke,WAS,05/04/2017,WAS vs. BOS,W,10,0,1
Andre Iguodala,GSW,05/04/2017,GSW vs. UTA,W,34,10,9
Rodney Hood,UTA,05/04/2017,UTA @ GSW,L,35,8,-10
James Michael McAdoo,GSW,05/04/2017,GSW vs. UTA,W,0,0,0
Jonas Jerebko,BOS,05/04/2017,BOS @ WAS,L,9,4,3
JaVale McGee,GSW,05/04/2017,GSW vs. UTA,W,9,4,5
Shelvin Mack,UTA,05/04/2017,UTA @ GSW,L,31,14,-12
Ian Clark,GSW,05/04/2017,GSW vs. UTA,W,9,8,-3
Avery Bradley,BOS,05/04/2017,BOS @ WAS,L,28,7,-25
Jaylen Brown,BOS,05/04/2017,BOS @ WAS,L,19,6,-12
Markieff Morris,WAS,05/04/2017,WAS vs. BOS,W,19,10,17
Ian Mahinmi,WAS,05/04/2017,WAS vs. BOS,W,10,2,1
Marcus Smart,BOS,05/04/2017,BOS @ WAS,L,25,9,-19
Otto Porter Jr.,WAS,05/04/2017,WAS vs. BOS,W,38,19,16
Brandon Jennings,WAS,05/04/2017,WAS vs. BOS,W,15,4,10
Rudy Gobert,UTA,05/04/2017,UTA @ GSW,L,37,16,-8
Sheldon Mac,WAS,05/04/2017,WAS vs. BOS,W,5,8,8
Stephen Curry,GSW,05/04/2017,GSW vs. UTA,W,38,23,14
Raul Neto,UTA,05/04/2017,UTA @ GSW,L,9,5,-2
Draymond Green,GSW,05/04/2017,GSW vs. UTA,W,36,21,10
Zaza Pachulia,GSW,05/04/2017,GSW vs. UTA,W,9,2,2
Amir Johnson,BOS,05/04/2017,BOS @ WAS,L,10,3,-1
Kelly Olynyk,BOS,05/04/2017,BOS @ WAS,L,12,1,2
Tomas Satoransky,WAS,05/04/2017,WAS vs. BOS,W,12,2,1
John Wall,WAS,05/04/2017,WAS vs. BOS,W,34,24,25
Gerald Green,BOS,05/04/2017,BOS @ WAS,L,26,8,-7
Joe Ingles,UTA,05/04/2017,UTA @ GSW,L,21,3,-2
Kevin Durant,GSW,05/04/2017,GSW vs. UTA,W,36,25,11
Derrick Favors,UTA,05/04/2017,UTA @ GSW,L,11,3,-3
Matt Barnes,GSW,05/04/2017,GSW vs. UTA,W,1,2,-1
Klay Thompson,GSW,05/04/2017,GSW vs. UTA,W,36,14,9
Shaun Livingston,GSW,05/04/2017,GSW vs. UTA,W,15,2,6
Dante Exum,UTA,05/04/2017,UTA @ GSW,L,14,7,4
Isaiah Thomas,BOS,05/04/2017,BOS @ WAS,L,29,13,-19
Tyler Zeller,BOS,05/04/2017,BOS @ WAS,L,11,3,-6
Jason Smith,WAS,05/04/2017,WAS vs. BOS,W,7,2,4
Boris Diaw,UTA,05/04/2017,UTA @ GSW,L,12,7,2
Marcin Gortat,WAS,05/04/2017,WAS vs. BOS,W,31,13,22
James Young,BOS,05/04/2017,BOS @ WAS,L,10,3,-1
Al Horford,BOS,05/04/2017,BOS @ WAS,L,28,16,-23
Patrick McCaw,GSW,05/04/2017,GSW vs. UTA,W,2,0,-4
Bojan Bogdanovic,WAS,05/04/2017,WAS vs. BOS,W,29,19,10
Kawhi Leonard,SAS,05/05/2017,SAS @ HOU,W,41,26,10
DeMar DeRozan,TOR,05/05/2017,TOR vs. CLE,L,40,37,-12
Tristan Thompson,CLE,05/05/2017,CLE @ TOR,W,38,9,16
James Harden,HOU,05/05/2017,HOU vs. SAS,L,40,43,-14
Pau Gasol,SAS,05/05/2017,SAS @ HOU,W,31,12,5
Clint Capela,HOU,05/05/2017,HOU vs. SAS,L,32,12,-11
Nene,HOU,05/05/2017,HOU vs. SAS,L,16,1,0
David Lee,SAS,05/05/2017,SAS @ HOU,W,16,4,8
LeBron James,CLE,05/05/2017,CLE @ TOR,W,41,35,20
Patrick Patterson,TOR,05/05/2017,TOR vs. CLE,L,20,0,-19
Channing Frye,CLE,05/05/2017,CLE @ TOR,W,10,3,5
Patrick Beverley,HOU,05/05/2017,HOU vs. SAS,L,33,8,-7
Kevin Love,CLE,05/05/2017,CLE @ TOR,W,32,16,1
Eric Gordon,HOU,05/05/2017,HOU vs. SAS,L,33,9,-4
JR Smith,CLE,05/05/2017,CLE @ TOR,W,17,9,1
Dejounte Murray,SAS,05/05/2017,SAS @ HOU,W,14,2,11
DeMarre Carroll,TOR,05/05/2017,TOR vs. CLE,L,4,0,-1
Kyle Korver,CLE,05/05/2017,CLE @ TOR,W,21,14,13
Patty Mills,SAS,05/05/2017,SAS @ HOU,W,30,15,-7
Deron Williams,CLE,05/05/2017,CLE @ TOR,W,16,4,19
LaMarcus Aldridge,SAS,05/05/2017,SAS @ HOU,W,38,26,10
Cory Joseph,TOR,05/05/2017,TOR vs. CLE,L,33,4,-9
Delon Wright,TOR,05/05/2017,TOR vs. CLE,L,12,2,-10
Kyle Anderson,SAS,05/05/2017,SAS @ HOU,W,2,0,1
Ryan Anderson,HOU,05/05/2017,HOU vs. SAS,L,29,2,-13
James Jones,CLE,05/05/2017,CLE @ TOR,W,2,0,1
Dahntay Jones,CLE,05/05/2017,CLE @ TOR,W,2,0,1
PJ Tucker,TOR,05/05/2017,TOR vs. CLE,L,19,5,-9
Manu Ginobili,SAS,05/05/2017,SAS @ HOU,W,16,0,3
Serge Ibaka,TOR,05/05/2017,TOR vs. CLE,L,35,12,-13
Kyrie Irving,CLE,05/05/2017,CLE @ TOR,W,32,16,1
Lou Williams,HOU,05/05/2017,HOU vs. SAS,L,11,0,4
Danny Green,SAS,05/05/2017,SAS @ HOU,W,35,11,9
Trevor Ariza,HOU,05/05/2017,HOU vs. SAS,L,46,17,-10
Derrick Williams,CLE,05/05/2017,CLE @ TOR,W,3,5,0
Norman Powell,TOR,05/05/2017,TOR vs. CLE,L,36,13,-25
Fred VanVleet,TOR,05/05/2017,TOR vs. CLE,L,6,2,-2
Jonas Valanciunas,TOR,05/05/2017,TOR vs. CLE,L,33,19,-5
Iman Shumpert,CLE,05/05/2017,CLE @ TOR,W,26,4,27
Jonathon Simmons,SAS,05/05/2017,SAS @ HOU,W,15,7,5
Joe Ingles,UTA,05/06/2017,UTA vs. GSW,L,29,10,-4
JaVale McGee,GSW,05/06/2017,GSW @ UTA,W,12,2,17
Stephen Curry,GSW,05/06/2017,GSW @ UTA,W,37,23,17
Boris Diaw,UTA,05/06/2017,UTA vs. GSW,L,26,10,3
Raul Neto,UTA,05/06/2017,UTA vs. GSW,L,2,0,-3
Derrick Favors,UTA,05/06/2017,UTA vs. GSW,L,6,0,-6
Andre Iguodala,GSW,05/06/2017,GSW @ UTA,W,27,11,15
Rodney Hood,UTA,05/06/2017,UTA vs. GSW,L,32,3,-12
Rudy Gobert,UTA,05/06/2017,UTA vs. GSW,L,39,21,-8
David West,GSW,05/06/2017,GSW @ UTA,W,17,4,-14
Ian Clark,GSW,05/06/2017,GSW @ UTA,W,7,2,-9
Zaza Pachulia,GSW,05/06/2017,GSW @ UTA,W,12,7,-2
Dante Exum,UTA,05/06/2017,UTA vs. GSW,L,3,0,-4
Shaun Livingston,GSW,05/06/2017,GSW @ UTA,W,12,0,6
Joe Johnson,UTA,05/06/2017,UTA vs. GSW,L,24,7,-11
Draymond Green,GSW,05/06/2017,GSW @ UTA,W,38,9,3
Shelvin Mack,UTA,05/06/2017,UTA vs. GSW,L,37,11,6
Kevin Durant,GSW,05/06/2017,GSW @ UTA,W,39,38,18
Klay Thompson,GSW,05/06/2017,GSW @ UTA,W,39,6,4
Gordon Hayward,UTA,05/06/2017,UTA vs. GSW,L,42,29,-16
Terry Rozier,BOS,05/07/2017,BOS @ WAS,L,22,16,15
Isaiah Taylor,HOU,05/07/2017,HOU vs. SAS,W,2,0,-1
Kyle Korver,CLE,05/07/2017,CLE @ TOR,W,29,18,12
Bobby Brown,HOU,05/07/2017,HOU vs. SAS,W,6,11,-2
Channing Frye,CLE,05/07/2017,CLE @ TOR,W,12,10,4
Dejounte Murray,SAS,05/07/2017,SAS @ HOU,L,20,8,-14
James Harden,HOU,05/07/2017,HOU vs. SAS,W,35,28,28
Markieff Morris,WAS,05/07/2017,WAS vs. BOS,W,35,16,31
Lou Williams,HOU,05/07/2017,HOU vs. SAS,W,32,13,-3
Iman Shumpert,CLE,05/07/2017,CLE @ TOR,W,12,0,-6
Kevin Love,CLE,05/07/2017,CLE @ TOR,W,34,5,13
JR Smith,CLE,05/07/2017,CLE @ TOR,W,21,3,-1
Marcin Gortat,WAS,05/07/2017,WAS vs. BOS,W,26,6,34
Jonathon Simmons,SAS,05/07/2017,SAS @ HOU,L,23,17,2
Otto Porter Jr.,WAS,05/07/2017,WAS vs. BOS,W,34,18,34
Tristan Thompson,CLE,05/07/2017,CLE @ TOR,W,32,6,-12
Kyle Anderson,SAS,05/07/2017,SAS @ HOU,L,16,8,-10
Trevor Ariza,HOU,05/07/2017,HOU vs. SAS,W,35,16,14
LeBron James,CLE,05/07/2017,CLE @ TOR,W,46,35,7
Jason Smith,WAS,05/07/2017,WAS vs. BOS,W,7,6,-8
Cory Joseph,TOR,05/07/2017,TOR vs. CLE,L,40,20,-5
Gerald Green,BOS,05/07/2017,BOS @ WAS,L,10,8,-5
Tomas Satoransky,WAS,05/07/2017,WAS vs. BOS,W,6,5,-6
Manu Ginobili,SAS,05/07/2017,SAS @ HOU,L,16,9,-5
Isaiah Thomas,BOS,05/07/2017,BOS @ WAS,L,31,19,-30
DeMarre Carroll,TOR,05/07/2017,TOR vs. CLE,L,6,2,-8
Kelly Olynyk,BOS,05/07/2017,BOS @ WAS,L,23,14,1
Kawhi Leonard,SAS,05/07/2017,SAS @ HOU,L,30,16,-15
James Young,BOS,05/07/2017,BOS @ WAS,L,3,0,1
Sam Dekker,HOU,05/07/2017,HOU vs. SAS,W,10,0,-3
PJ Tucker,TOR,05/07/2017,TOR vs. CLE,L,46,14,-7
Dewayne Dedmon,SAS,05/07/2017,SAS @ HOU,L,8,5,-5
Jae Crowder,BOS,05/07/2017,BOS @ WAS,L,31,6,-21
Danny Green,SAS,05/07/2017,SAS @ HOU,L,26,3,-14
Jaylen Brown,BOS,05/07/2017,BOS @ WAS,L,7,3,6
Bojan Bogdanovic,WAS,05/07/2017,WAS vs. BOS,W,22,13,-8
Jonas Valanciunas,TOR,05/07/2017,TOR vs. CLE,L,25,8,3
Brandon Jennings,WAS,05/07/2017,WAS vs. BOS,W,18,0,-10
LaMarcus Aldridge,SAS,05/07/2017,SAS @ HOU,L,25,16,-19
Patrick Patterson,TOR,05/07/2017,TOR vs. CLE,L,10,0,1
Montrezl Harrell,HOU,05/07/2017,HOU vs. SAS,W,2,0,-1
Pau Gasol,SAS,05/07/2017,SAS @ HOU,L,19,8,-17
David Lee,SAS,05/07/2017,SAS @ HOU,L,17,2,1
Kyrie Irving,CLE,05/07/2017,CLE @ TOR,W,40,27,14
Clint Capela,HOU,05/07/2017,HOU vs. SAS,W,25,8,21
Amir Johnson,BOS,05/07/2017,BOS @ WAS,L,12,7,-13
John Wall,WAS,05/07/2017,WAS vs. BOS,W,36,27,25
Bradley Beal,WAS,05/07/2017,WAS vs. BOS,W,37,29,18
Patrick Beverley,HOU,05/07/2017,HOU vs. SAS,W,26,10,27
Serge Ibaka,TOR,05/07/2017,TOR vs. CLE,L,35,23,-4
Patty Mills,SAS,05/07/2017,SAS @ HOU,L,28,10,-9
Deron Williams,CLE,05/07/2017,CLE @ TOR,W,14,5,4
DeMar DeRozan,TOR,05/07/2017,TOR vs. CLE,L,46,22,-1
Bryn Forbes,SAS,05/07/2017,SAS @ HOU,L,7,0,-2
Nene,HOU,05/07/2017,HOU vs. SAS,W,2,4,2
Jonas Jerebko,BOS,05/07/2017,BOS @ WAS,L,3,0,5
Norman Powell,TOR,05/07/2017,TOR vs. CLE,L,24,10,-12
Sheldon Mac,WAS,05/07/2017,WAS vs. BOS,W,3,0,-1
Avery Bradley,BOS,05/07/2017,BOS @ WAS,L,33,5,-18
Marcus Smart,BOS,05/07/2017,BOS @ WAS,L,27,9,-3
Eric Gordon,HOU,05/07/2017,HOU vs. SAS,W,32,22,8
Ryan Anderson,HOU,05/07/2017,HOU vs. SAS,W,32,13,16
Al Horford,BOS,05/07/2017,BOS @ WAS,L,32,11,-36
Davis Bertans,SAS,05/07/2017,SAS @ HOU,L,6,2,2
Ian Mahinmi,WAS,05/07/2017,WAS vs. BOS,W,13,1,-13
Troy Williams,HOU,05/07/2017,HOU vs. SAS,W,2,0,-1
Trey Burke,WAS,05/07/2017,WAS vs. BOS,W,3,0,-1
Fred VanVleet,TOR,05/07/2017,TOR vs. CLE,L,8,3,-2
Tyler Zeller,BOS,05/07/2017,BOS @ WAS,L,5,4,3
Ian Clark,GSW,05/08/2017,GSW @ UTA,W,6,8,-4
Matt Barnes,GSW,05/08/2017,GSW @ UTA,W,14,0,13
Andre Iguodala,GSW,05/08/2017,GSW @ UTA,W,22,7,0
Stephen Curry,GSW,05/08/2017,GSW @ UTA,W,35,30,33
Raul Neto,UTA,05/08/2017,UTA vs. GSW,L,12,4,-4
Rudy Gobert,UTA,05/08/2017,UTA vs. GSW,L,33,12,-28
Rodney Hood,UTA,05/08/2017,UTA vs. GSW,L,14,2,-18
Joe Ingles,UTA,05/08/2017,UTA vs. GSW,L,25,7,-3
Trey Lyles,UTA,05/08/2017,UTA vs. GSW,L,4,0,-2
Joel Bolomboy,UTA,05/08/2017,UTA vs. GSW,L,4,0,0
Gordon Hayward,UTA,05/08/2017,UTA vs. GSW,L,39,25,-32
Shaun Livingston,GSW,05/08/2017,GSW @ UTA,W,17,6,28
Boris Diaw,UTA,05/08/2017,UTA vs. GSW,L,16,0,-14
Joe Johnson,UTA,05/08/2017,UTA vs. GSW,L,26,6,-6
Patrick McCaw,GSW,05/08/2017,GSW @ UTA,W,4,0,2
Klay Thompson,GSW,05/08/2017,GSW @ UTA,W,33,21,5
Zaza Pachulia,GSW,05/08/2017,GSW @ UTA,W,19,2,24
JaVale McGee,GSW,05/08/2017,GSW @ UTA,W,11,12,7
Derrick Favors,UTA,05/08/2017,UTA vs. GSW,L,12,6,2
James Michael McAdoo,GSW,05/08/2017,GSW @ UTA,W,4,0,2
Draymond Green,GSW,05/08/2017,GSW @ UTA,W,35,17,19
Kevin Durant,GSW,05/08/2017,GSW @ UTA,W,30,18,8
Shelvin Mack,UTA,05/08/2017,UTA vs. GSW,L,24,18,-13
David West,GSW,05/08/2017,GSW @ UTA,W,10,0,-7
Dante Exum,UTA,05/08/2017,UTA vs. GSW,L,32,15,-12
Kawhi Leonard,SAS,05/09/2017,SAS vs. HOU,W,38,22,-2
Danny Green,SAS,05/09/2017,SAS vs. HOU,W,40,16,-5
Manu Ginobili,SAS,05/09/2017,SAS vs. HOU,W,32,12,8
Trevor Ariza,HOU,05/09/2017,HOU @ SAS,L,40,9,-9
Ryan Anderson,HOU,05/09/2017,HOU @ SAS,L,36,19,5
Kyle Anderson,SAS,05/09/2017,SAS vs. HOU,W,7,0,0
James Harden,HOU,05/09/2017,HOU @ SAS,L,43,33,-6
Patrick Beverley,HOU,05/09/2017,HOU @ SAS,L,42,20,-7
Clint Capela,HOU,05/09/2017,HOU @ SAS,L,34,9,-3
Eric Gordon,HOU,05/09/2017,HOU @ SAS,L,44,11,4
Lou Williams,HOU,05/09/2017,HOU @ SAS,L,26,6,1
David Lee,SAS,05/09/2017,SAS vs. HOU,W,11,6,3
LaMarcus Aldridge,SAS,05/09/2017,SAS vs. HOU,W,42,18,4
Jonathon Simmons,SAS,05/09/2017,SAS vs. HOU,W,32,12,2
Pau Gasol,SAS,05/09/2017,SAS vs. HOU,W,20,4,-3
Patty Mills,SAS,05/09/2017,SAS vs. HOU,W,43,20,8
Jae Crowder,BOS,05/10/2017,BOS vs. WAS,W,26,18,19
Bojan Bogdanovic,WAS,05/10/2017,WAS @ BOS,L,23,6,-13
Bradley Beal,WAS,05/10/2017,WAS @ BOS,L,35,16,-20
Al Horford,BOS,05/10/2017,BOS vs. WAS,W,28,19,14
Avery Bradley,BOS,05/10/2017,BOS vs. WAS,W,30,29,12
Kelly Oubre Jr.,WAS,05/10/2017,WAS @ BOS,L,20,13,-7
Sheldon Mac,WAS,05/10/2017,WAS @ BOS,L,4,2,2
Amir Johnson,BOS,05/10/2017,BOS vs. WAS,W,18,8,6
James Young,BOS,05/10/2017,BOS vs. WAS,W,5,3,0
Trey Burke,WAS,05/10/2017,WAS @ BOS,L,7,0,1
Ian Mahinmi,WAS,05/10/2017,WAS @ BOS,L,14,5,-13
Marcus Smart,BOS,05/10/2017,BOS vs. WAS,W,26,9,13
John Wall,WAS,05/10/2017,WAS @ BOS,L,32,21,-9
Tyler Zeller,BOS,05/10/2017,BOS vs. WAS,W,4,6,-2
Otto Porter Jr.,WAS,05/10/2017,WAS @ BOS,L,26,13,-11
Markieff Morris,WAS,05/10/2017,WAS @ BOS,L,28,9,-17
Kelly Olynyk,BOS,05/10/2017,BOS vs. WAS,W,16,8,11
Jaylen Brown,BOS,05/10/2017,BOS vs. WAS,W,26,0,17
Jason Smith,WAS,05/10/2017,WAS @ BOS,L,7,5,1
Tomas Satoransky,WAS,05/10/2017,WAS @ BOS,L,4,1,2
Terry Rozier,BOS,05/10/2017,BOS vs. WAS,W,21,5,9
Brandon Jennings,WAS,05/10/2017,WAS @ BOS,L,15,3,-14
Marcin Gortat,WAS,05/10/2017,WAS @ BOS,L,25,7,-12
Gerald Green,BOS,05/10/2017,BOS vs. WAS,W,4,0,-2
Isaiah Thomas,BOS,05/10/2017,BOS vs. WAS,W,35,18,13
Bryn Forbes,SAS,05/11/2017,SAS @ HOU,W,4,2,3
LaMarcus Aldridge,SAS,05/11/2017,SAS @ HOU,W,36,34,21
Clint Capela,HOU,05/11/2017,HOU vs. SAS,L,35,15,-28
Sam Dekker,HOU,05/11/2017,HOU vs. SAS,L,10,6,-15
James Harden,HOU,05/11/2017,HOU vs. SAS,L,37,10,-28
Dejounte Murray,SAS,05/11/2017,SAS @ HOU,W,24,11,33
Patrick Beverley,HOU,05/11/2017,HOU vs. SAS,L,32,7,-30
Isaiah Taylor,HOU,05/11/2017,HOU vs. SAS,L,3,0,-1
Troy Williams,HOU,05/11/2017,HOU vs. SAS,L,3,0,-1
Dewayne Dedmon,SAS,05/11/2017,SAS @ HOU,W,4,3,3
Eric Gordon,HOU,05/11/2017,HOU vs. SAS,L,30,6,-13
Lou Williams,HOU,05/11/2017,HOU vs. SAS,L,20,8,-23
Pau Gasol,SAS,05/11/2017,SAS @ HOU,W,29,10,19
Trevor Ariza,HOU,05/11/2017,HOU vs. SAS,L,38,20,-24
Patty Mills,SAS,05/11/2017,SAS @ HOU,W,27,14,25
Montrezl Harrell,HOU,05/11/2017,HOU vs. SAS,L,3,0,-1
Danny Green,SAS,05/11/2017,SAS @ HOU,W,31,10,11
Jonathon Simmons,SAS,05/11/2017,SAS @ HOU,W,31,18,32
Kyle Anderson,SAS,05/11/2017,SAS @ HOU,W,21,7,21
Davis Bertans,SAS,05/11/2017,SAS @ HOU,W,4,1,3
Manu Ginobili,SAS,05/11/2017,SAS @ HOU,W,17,2,8
Bobby Brown,HOU,05/11/2017,HOU vs. SAS,L,3,3,-1
Joel Anthony,SAS,05/11/2017,SAS @ HOU,W,3,0,-1
Ryan Anderson,HOU,05/11/2017,HOU vs. SAS,L,25,0,-30
David Lee,SAS,05/11/2017,SAS @ HOU,W,8,2,17
Bojan Bogdanovic,WAS,05/12/2017,WAS vs. BOS,W,17,4,5
Jae Crowder,BOS,05/12/2017,BOS @ WAS,L,37,10,3
Ian Mahinmi,WAS,05/12/2017,WAS vs. BOS,W,15,6,-2
Bradley Beal,WAS,05/12/2017,WAS vs. BOS,W,43,33,0
Kelly Oubre Jr.,WAS,05/12/2017,WAS vs. BOS,W,7,0,-5
Isaiah Thomas,BOS,05/12/2017,BOS @ WAS,L,39,27,5
Avery Bradley,BOS,05/12/2017,BOS @ WAS,L,42,27,0
Marcus Smart,BOS,05/12/2017,BOS @ WAS,L,28,1,-8
Jaylen Brown,BOS,05/12/2017,BOS @ WAS,L,11,0,1
Terry Rozier,BOS,05/12/2017,BOS @ WAS,L,11,0,2
Marcin Gortat,WAS,05/12/2017,WAS vs. BOS,W,25,4,6
Jason Smith,WAS,05/12/2017,WAS vs. BOS,W,7,3,-3
Brandon Jennings,WAS,05/12/2017,WAS vs. BOS,W,8,0,0
Amir Johnson,BOS,05/12/2017,BOS @ WAS,L,14,2,-5
John Wall,WAS,05/12/2017,WAS vs. BOS,W,42,26,2
Kelly Olynyk,BOS,05/12/2017,BOS @ WAS,L,21,4,-6
Otto Porter Jr.,WAS,05/12/2017,WAS vs. BOS,W,36,0,0
Al Horford,BOS,05/12/2017,BOS @ WAS,L,37,20,3
Markieff Morris,WAS,05/12/2017,WAS vs. BOS,W,39,16,2
JaVale McGee,GSW,05/14/2017,GSW vs. SAS,W,5,1,-11
Jonathon Simmons,SAS,05/14/2017,SAS @ GSW,L,26,12,-17
Kyle Anderson,SAS,05/14/2017,SAS @ GSW,L,9,4,-3
Draymond Green,GSW,05/14/2017,GSW vs. SAS,W,37,9,3
Shaun Livingston,GSW,05/14/2017,GSW vs. SAS,W,23,4,4
LaMarcus Aldridge,SAS,05/14/2017,SAS @ GSW,L,40,28,-14
Pau Gasol,SAS,05/14/2017,SAS @ GSW,L,16,5,-1
Patty Mills,SAS,05/14/2017,SAS @ GSW,L,37,5,-15
Davis Bertans,SAS,05/14/2017,SAS @ GSW,L,0,0,3
Kevin Durant,GSW,05/14/2017,GSW vs. SAS,W,39,34,14
Andre Iguodala,GSW,05/14/2017,GSW vs. SAS,W,10,2,-19
Stephen Curry,GSW,05/14/2017,GSW vs. SAS,W,39,40,8
Kawhi Leonard,SAS,05/14/2017,SAS @ GSW,L,24,26,21
Klay Thompson,GSW,05/14/2017,GSW vs. SAS,W,39,6,5
David West,GSW,05/14/2017,GSW vs. SAS,W,8,1,-11
Zaza Pachulia,GSW,05/14/2017,GSW vs. SAS,W,26,11,11
David Lee,SAS,05/14/2017,SAS @ GSW,L,16,0,15
Manu Ginobili,SAS,05/14/2017,SAS @ GSW,L,26,17,4
Ian Clark,GSW,05/14/2017,GSW vs. SAS,W,5,3,5
Danny Green,SAS,05/14/2017,SAS @ GSW,L,33,8,-10
Dejounte Murray,SAS,05/14/2017,SAS @ GSW,L,13,6,7
Matt Barnes,GSW,05/14/2017,GSW vs. SAS,W,10,2,1
Terry Rozier,BOS,05/15/2017,BOS vs. WAS,W,4,0,0
Bojan Bogdanovic,WAS,05/15/2017,WAS @ BOS,L,16,5,-21
Markieff Morris,WAS,05/15/2017,WAS @ BOS,L,42,18,2
Tomas Satoransky,WAS,05/15/2017,WAS @ BOS,L,0,0,0
Jaylen Brown,BOS,05/15/2017,BOS vs. WAS,W,20,9,10
Jason Smith,WAS,05/15/2017,WAS @ BOS,L,3,0,-13
Marcus Smart,BOS,05/15/2017,BOS vs. WAS,W,30,13,14
Amir Johnson,BOS,05/15/2017,BOS vs. WAS,W,10,0,-2
Avery Bradley,BOS,05/15/2017,BOS vs. WAS,W,37,9,4
Brandon Jennings,WAS,05/15/2017,WAS @ BOS,L,6,0,2
Kelly Oubre Jr.,WAS,05/15/2017,WAS @ BOS,L,0,0,0
Isaiah Thomas,BOS,05/15/2017,BOS vs. WAS,W,40,29,8
Al Horford,BOS,05/15/2017,BOS vs. WAS,W,40,15,14
John Wall,WAS,05/15/2017,WAS @ BOS,L,44,18,-11
Ian Mahinmi,WAS,05/15/2017,WAS @ BOS,L,11,0,-10
Jae Crowder,BOS,05/15/2017,BOS vs. WAS,W,32,14,-1
Otto Porter Jr.,WAS,05/15/2017,WAS @ BOS,L,39,20,3
Bradley Beal,WAS,05/15/2017,WAS @ BOS,L,46,38,-11
Marcin Gortat,WAS,05/15/2017,WAS @ BOS,L,33,6,9
Sheldon Mac,WAS,05/15/2017,WAS @ BOS,L,0,0,0
Kelly Olynyk,BOS,05/15/2017,BOS vs. WAS,W,28,26,3
James Young,BOS,05/15/2017,BOS vs. WAS,W,0,0,0
James Michael McAdoo,GSW,05/16/2017,GSW vs. SAS,W,11,9,2
Kevin Durant,GSW,05/16/2017,GSW vs. SAS,W,28,16,21
David Lee,SAS,05/16/2017,SAS @ GSW,L,5,2,-7
Pau Gasol,SAS,05/16/2017,SAS @ GSW,L,16,7,-7
Dejounte Murray,SAS,05/16/2017,SAS @ GSW,L,27,8,-27
Patrick McCaw,GSW,05/16/2017,GSW vs. SAS,W,27,18,19
Jonathon Simmons,SAS,05/16/2017,SAS @ GSW,L,26,22,-21
JaVale McGee,GSW,05/16/2017,GSW vs. SAS,W,10,6,12
Ian Clark,GSW,05/16/2017,GSW vs. SAS,W,22,10,18
Zaza Pachulia,GSW,05/16/2017,GSW vs. SAS,W,7,4,7
Kyle Anderson,SAS,05/16/2017,SAS @ GSW,L,26,8,-21
LaMarcus Aldridge,SAS,05/16/2017,SAS @ GSW,L,27,8,-20
Shaun Livingston,GSW,05/16/2017,GSW vs. SAS,W,13,10,23
Manu Ginobili,SAS,05/16/2017,SAS @ GSW,L,5,2,-10
Bryn Forbes,SAS,05/16/2017,SAS @ GSW,L,23,5,-12
Danny Green,SAS,05/16/2017,SAS @ GSW,L,17,5,-8
Patty Mills,SAS,05/16/2017,SAS @ GSW,L,21,5,-9
Stephen Curry,GSW,05/16/2017,GSW vs. SAS,W,31,29,24
Klay Thompson,GSW,05/16/2017,GSW vs. SAS,W,29,11,25
Joel Anthony,SAS,05/16/2017,SAS @ GSW,L,12,6,-5
Davis Bertans,SAS,05/16/2017,SAS @ GSW,L,17,13,-9
Draymond Green,GSW,05/16/2017,GSW vs. SAS,W,28,13,20
Damian Jones,GSW,05/16/2017,GSW vs. SAS,W,7,2,2
Dewayne Dedmon,SAS,05/16/2017,SAS @ GSW,L,20,9,-24
Matt Barnes,GSW,05/16/2017,GSW vs. SAS,W,15,2,-6
David West,GSW,05/16/2017,GSW vs. SAS,W,14,6,13
James Young,BOS,05/17/2017,BOS vs. CLE,L,3,0,4
Gerald Green,BOS,05/17/2017,BOS vs. CLE,L,14,11,10
Amir Johnson,BOS,05/17/2017,BOS vs. CLE,L,5,0,-3
Tyler Zeller,BOS,05/17/2017,BOS vs. CLE,L,5,3,-3
Derrick Williams,CLE,05/17/2017,CLE @ BOS,W,3,3,-4
Deron Williams,CLE,05/17/2017,CLE @ BOS,W,12,2,4
Isaiah Thomas,BOS,05/17/2017,BOS vs. CLE,L,38,17,-20
Tristan Thompson,CLE,05/17/2017,CLE @ BOS,W,34,20,15
Kyrie Irving,CLE,05/17/2017,CLE @ BOS,W,34,11,12
Marcus Smart,BOS,05/17/2017,BOS vs. CLE,L,21,6,-2
Terry Rozier,BOS,05/17/2017,BOS vs. CLE,L,6,2,-1
JR Smith,CLE,05/17/2017,CLE @ BOS,W,24,2,12
Iman Shumpert,CLE,05/17/2017,CLE @ BOS,W,25,3,-2
Jae Crowder,BOS,05/17/2017,BOS vs. CLE,L,35,21,-22
Kevin Love,CLE,05/17/2017,CLE @ BOS,W,34,32,18
Channing Frye,CLE,05/17/2017,CLE @ BOS,W,3,3,-4
Al Horford,BOS,05/17/2017,BOS vs. CLE,L,38,11,-14
Avery Bradley,BOS,05/17/2017,BOS vs. CLE,L,39,21,-12
Jaylen Brown,BOS,05/17/2017,BOS vs. CLE,L,20,10,4
Kyle Korver,CLE,05/17/2017,CLE @ BOS,W,14,3,-1
Kelly Olynyk,BOS,05/17/2017,BOS vs. CLE,L,16,2,-6
LeBron James,CLE,05/17/2017,CLE @ BOS,W,42,38,17
Richard Jefferson,CLE,05/17/2017,CLE @ BOS,W,12,0,1
Dahntay Jones,CLE,05/17/2017,CLE @ BOS,W,3,0,-3
Jae Crowder,BOS,05/19/2017,BOS vs. CLE,L,23,9,-28
Richard Jefferson,CLE,05/19/2017,CLE @ BOS,W,19,10,6
Jaylen Brown,BOS,05/19/2017,BOS vs. CLE,L,24,19,-14
Iman Shumpert,CLE,05/19/2017,CLE @ BOS,W,12,7,20
Amir Johnson,BOS,05/19/2017,BOS vs. CLE,L,12,2,-5
Kelly Olynyk,BOS,05/19/2017,BOS vs. CLE,L,8,0,-6
Kyle Korver,CLE,05/19/2017,CLE @ BOS,W,12,8,16
Isaiah Thomas,BOS,05/19/2017,BOS vs. CLE,L,18,2,-32
Dahntay Jones,CLE,05/19/2017,CLE @ BOS,W,6,0,3
Kyrie Irving,CLE,05/19/2017,CLE @ BOS,W,30,23,37
Marcus Smart,BOS,05/19/2017,BOS vs. CLE,L,25,4,-24
James Jones,CLE,05/19/2017,CLE @ BOS,W,10,0,-4
LeBron James,CLE,05/19/2017,CLE @ BOS,W,33,30,46
Kevin Love,CLE,05/19/2017,CLE @ BOS,W,27,21,35
Avery Bradley,BOS,05/19/2017,BOS vs. CLE,L,32,13,-42
Derrick Williams,CLE,05/19/2017,CLE @ BOS,W,10,4,-4
Terry Rozier,BOS,05/19/2017,BOS vs. CLE,L,18,6,-5
Tyler Zeller,BOS,05/19/2017,BOS vs. CLE,L,14,8,-1
Jordan Mickey,BOS,05/19/2017,BOS vs. CLE,L,10,2,4
Jonas Jerebko,BOS,05/19/2017,BOS vs. CLE,L,16,4,-14
Gerald Green,BOS,05/19/2017,BOS vs. CLE,L,14,6,-19
Al Horford,BOS,05/19/2017,BOS vs. CLE,L,27,11,-34
Tristan Thompson,CLE,05/19/2017,CLE @ BOS,W,25,7,19
JR Smith,CLE,05/19/2017,CLE @ BOS,W,26,9,28
Deron Williams,CLE,05/19/2017,CLE @ BOS,W,17,4,20
Channing Frye,CLE,05/19/2017,CLE @ BOS,W,14,7,-2
Ian Clark,GSW,05/20/2017,GSW @ SAS,W,16,7,-8
Andre Iguodala,GSW,05/20/2017,GSW @ SAS,W,19,2,-7
Kevin Durant,GSW,05/20/2017,GSW @ SAS,W,38,33,25
David West,GSW,05/20/2017,GSW @ SAS,W,18,6,4
Dejounte Murray,SAS,05/20/2017,SAS vs. GSW,L,18,10,5
Patrick McCaw,GSW,05/20/2017,GSW @ SAS,W,11,6,9
Joel Anthony,SAS,05/20/2017,SAS vs. GSW,L,1,0,1
Danny Green,SAS,05/20/2017,SAS vs. GSW,L,33,7,-6
Kyle Anderson,SAS,05/20/2017,SAS vs. GSW,L,20,6,-1
Draymond Green,GSW,05/20/2017,GSW @ SAS,W,34,10,22
LaMarcus Aldridge,SAS,05/20/2017,SAS vs. GSW,L,28,18,-27
Davis Bertans,SAS,05/20/2017,SAS vs. GSW,L,20,2,5
JaVale McGee,GSW,05/20/2017,GSW @ SAS,W,13,16,2
Stephen Curry,GSW,05/20/2017,GSW @ SAS,W,34,21,20
Pau Gasol,SAS,05/20/2017,SAS vs. GSW,L,21,12,-8
Manu Ginobili,SAS,05/20/2017,SAS vs. GSW,L,18,21,-6
Shaun Livingston,GSW,05/20/2017,GSW @ SAS,W,15,2,-8
Patty Mills,SAS,05/20/2017,SAS vs. GSW,L,33,7,-20
Matt Barnes,GSW,05/20/2017,GSW @ SAS,W,5,0,-10
Dewayne Dedmon,SAS,05/20/2017,SAS vs. GSW,L,7,7,6
Bryn Forbes,SAS,05/20/2017,SAS vs. GSW,L,5,0,6
David Lee,SAS,05/20/2017,SAS vs. GSW,L,2,4,5
Jonathon Simmons,SAS,05/20/2017,SAS vs. GSW,L,34,14,-20
Klay Thompson,GSW,05/20/2017,GSW @ SAS,W,36,17,15
James Michael McAdoo,GSW,05/20/2017,GSW @ SAS,W,2,0,-4
Kyrie Irving,CLE,05/21/2017,CLE vs. BOS,L,40,29,0
Jaylen Brown,BOS,05/21/2017,BOS @ CLE,W,13,0,-7
Jonas Jerebko,BOS,05/21/2017,BOS @ CLE,W,13,10,22
Deron Williams,CLE,05/21/2017,CLE vs. BOS,L,9,0,1
Richard Jefferson,CLE,05/21/2017,CLE vs. BOS,L,4,0,2
Kyle Korver,CLE,05/21/2017,CLE vs. BOS,L,15,3,-8
Kelly Olynyk,BOS,05/21/2017,BOS @ CLE,W,23,15,15
Al Horford,BOS,05/21/2017,BOS @ CLE,W,36,16,-10
Jae Crowder,BOS,05/21/2017,BOS @ CLE,W,40,14,6
LeBron James,CLE,05/21/2017,CLE vs. BOS,L,45,11,1
Tristan Thompson,CLE,05/21/2017,CLE vs. BOS,L,42,18,-5
JR Smith,CLE,05/21/2017,CLE vs. BOS,L,33,13,0
Iman Shumpert,CLE,05/21/2017,CLE vs. BOS,L,16,6,-10
Amir Johnson,BOS,05/21/2017,BOS @ CLE,W,9,2,-15
Marcus Smart,BOS,05/21/2017,BOS @ CLE,W,41,27,8
Gerald Green,BOS,05/21/2017,BOS @ CLE,W,7,5,0
Kevin Love,CLE,05/21/2017,CLE vs. BOS,L,36,28,4
Avery Bradley,BOS,05/21/2017,BOS @ CLE,W,42,20,4
Tyler Zeller,BOS,05/21/2017,BOS @ CLE,W,7,0,-4
Terry Rozier,BOS,05/21/2017,BOS @ CLE,W,8,2,-4
Jonathon Simmons,SAS,05/22/2017,SAS vs. GSW,L,25,13,-8
Andre Iguodala,GSW,05/22/2017,GSW @ SAS,W,22,7,4
Bryn Forbes,SAS,05/22/2017,SAS vs. GSW,L,24,8,13
Klay Thompson,GSW,05/22/2017,GSW @ SAS,W,34,10,7
LaMarcus Aldridge,SAS,05/22/2017,SAS vs. GSW,L,22,8,-18
James Michael McAdoo,GSW,05/22/2017,GSW @ SAS,W,2,0,-3
Shaun Livingston,GSW,05/22/2017,GSW @ SAS,W,15,5,7
Davis Bertans,SAS,05/22/2017,SAS vs. GSW,L,3,2,2
Matt Barnes,GSW,05/22/2017,GSW @ SAS,W,3,0,-5
Patty Mills,SAS,05/22/2017,SAS vs. GSW,L,30,14,-24
Dewayne Dedmon,SAS,05/22/2017,SAS vs. GSW,L,3,3,2
JaVale McGee,GSW,05/22/2017,GSW @ SAS,W,7,2,-4
Danny Green,SAS,05/22/2017,SAS vs. GSW,L,22,9,-16
Dejounte Murray,SAS,05/22/2017,SAS vs. GSW,L,29,9,-1
Draymond Green,GSW,05/22/2017,GSW @ SAS,W,34,16,20
Pau Gasol,SAS,05/22/2017,SAS vs. GSW,L,23,14,2
Stephen Curry,GSW,05/22/2017,GSW @ SAS,W,34,36,15
Kyle Anderson,SAS,05/22/2017,SAS vs. GSW,L,27,20,-1
David West,GSW,05/22/2017,GSW @ SAS,W,14,4,0
Manu Ginobili,SAS,05/22/2017,SAS vs. GSW,L,32,15,-21
Kevin Durant,GSW,05/22/2017,GSW @ SAS,W,38,29,19
Patrick McCaw,GSW,05/22/2017,GSW @ SAS,W,17,6,12
Ian Clark,GSW,05/22/2017,GSW @ SAS,W,18,12,-1
Damian Jones,GSW,05/22/2017,GSW @ SAS,W,2,2,-1
Al Horford,BOS,05/23/2017,BOS @ CLE,L,37,16,-9
Deron Williams,CLE,05/23/2017,CLE vs. BOS,W,18,2,10
JR Smith,CLE,05/23/2017,CLE vs. BOS,W,26,5,3
Tyler Zeller,BOS,05/23/2017,BOS @ CLE,L,2,0,-5
Avery Bradley,BOS,05/23/2017,BOS @ CLE,L,39,19,-13
Kevin Love,CLE,05/23/2017,CLE vs. BOS,W,42,17,7
Jaylen Brown,BOS,05/23/2017,BOS @ CLE,L,20,9,-4
LeBron James,CLE,05/23/2017,CLE vs. BOS,W,38,34,7
Kyrie Irving,CLE,05/23/2017,CLE vs. BOS,W,41,42,9
Jae Crowder,BOS,05/23/2017,BOS @ CLE,L,40,18,-16
Tristan Thompson,CLE,05/23/2017,CLE vs. BOS,W,37,7,14
Iman Shumpert,CLE,05/23/2017,CLE vs. BOS,W,10,5,-3
Richard Jefferson,CLE,05/23/2017,CLE vs. BOS,W,6,0,6
Marcus Smart,BOS,05/23/2017,BOS @ CLE,L,40,8,-1
Terry Rozier,BOS,05/23/2017,BOS @ CLE,L,15,5,-6
Kelly Olynyk,BOS,05/23/2017,BOS @ CLE,L,26,15,-2
Jonas Jerebko,BOS,05/23/2017,BOS @ CLE,L,21,9,-9
Kyle Korver,CLE,05/23/2017,CLE vs. BOS,W,20,0,12
LeBron James,CLE,05/25/2017,CLE @ BOS,W,35,35,36
Richard Jefferson,CLE,05/25/2017,CLE @ BOS,W,15,9,-10
Kyrie Irving,CLE,05/25/2017,CLE @ BOS,W,32,24,33
Jordan Mickey,BOS,05/25/2017,BOS vs. CLE,L,8,2,4
Al Horford,BOS,05/25/2017,BOS vs. CLE,L,27,8,-30
James Jones,CLE,05/25/2017,CLE @ BOS,W,8,2,-4
Marcus Smart,BOS,05/25/2017,BOS vs. CLE,L,25,6,-24
Kyle Korver,CLE,05/25/2017,CLE @ BOS,W,12,7,6
Kelly Olynyk,BOS,05/25/2017,BOS vs. CLE,L,19,7,-21
Jae Crowder,BOS,05/25/2017,BOS vs. CLE,L,29,11,-17
James Young,BOS,05/25/2017,BOS vs. CLE,L,10,6,2
Terry Rozier,BOS,05/25/2017,BOS vs. CLE,L,34,10,-15
Jonas Jerebko,BOS,05/25/2017,BOS vs. CLE,L,8,3,-9
Tristan Thompson,CLE,05/25/2017,CLE @ BOS,W,29,6,33
Channing Frye,CLE,05/25/2017,CLE @ BOS,W,12,6,-2
Deron Williams,CLE,05/25/2017,CLE @ BOS,W,17,14,3
Iman Shumpert,CLE,05/25/2017,CLE @ BOS,W,12,4,6
Derrick Williams,CLE,05/25/2017,CLE @ BOS,W,8,2,-4
Amir Johnson,BOS,05/25/2017,BOS vs. CLE,L,6,1,-10
Avery Bradley,BOS,05/25/2017,BOS vs. CLE,L,32,23,-32
Jaylen Brown,BOS,05/25/2017,BOS vs. CLE,L,9,7,-13
JR Smith,CLE,05/25/2017,CLE @ BOS,W,24,6,29
Dahntay Jones,CLE,05/25/2017,CLE @ BOS,W,8,5,-4
Kevin Love,CLE,05/25/2017,CLE @ BOS,W,28,15,43
Gerald Green,BOS,05/25/2017,BOS vs. CLE,L,21,14,-2
Tyler Zeller,BOS,05/25/2017,BOS vs. CLE,L,12,4,2
Draymond Green,GSW,06/01/2017,GSW vs. CLE,W,36,9,12
James Jones,CLE,06/01/2017,CLE @ GSW,L,2,0,-3
Zaza Pachulia,GSW,06/01/2017,GSW vs. CLE,W,14,8,5
Deron Williams,CLE,06/01/2017,CLE @ GSW,L,19,0,-8
Patrick McCaw,GSW,06/01/2017,GSW vs. CLE,W,3,0,3
JaVale McGee,GSW,06/01/2017,GSW vs. CLE,W,6,4,8
Kevin Love,CLE,06/01/2017,CLE @ GSW,L,34,15,-11
Kevin Durant,GSW,06/01/2017,GSW vs. CLE,W,38,38,16
Derrick Williams,CLE,06/01/2017,CLE @ GSW,L,4,0,-1
Ian Clark,GSW,06/01/2017,GSW vs. CLE,W,18,4,6
Stephen Curry,GSW,06/01/2017,GSW vs. CLE,W,34,28,20
James Michael McAdoo,GSW,06/01/2017,GSW vs. CLE,W,4,2,3
David West,GSW,06/01/2017,GSW vs. CLE,W,8,2,3
Iman Shumpert,CLE,06/01/2017,CLE @ GSW,L,17,5,-7
Shaun Livingston,GSW,06/01/2017,GSW vs. CLE,W,15,2,9
LeBron James,CLE,06/01/2017,CLE @ GSW,L,40,28,-22
Andre Iguodala,GSW,06/01/2017,GSW vs. CLE,W,24,7,14
Matt Barnes,GSW,06/01/2017,GSW vs. CLE,W,2,3,3
Tristan Thompson,CLE,06/01/2017,CLE @ GSW,L,22,0,-13
Kyrie Irving,CLE,06/01/2017,CLE @ GSW,L,35,24,-17
Richard Jefferson,CLE,06/01/2017,CLE @ GSW,L,15,9,-7
Klay Thompson,GSW,06/01/2017,GSW vs. CLE,W,36,6,8
Kyle Korver,CLE,06/01/2017,CLE @ GSW,L,20,0,-8
JR Smith,CLE,06/01/2017,CLE @ GSW,L,28,3,-12
Dahntay Jones,CLE,06/01/2017,CLE @ GSW,L,4,7,-1
Draymond Green,GSW,06/04/2017,GSW vs. CLE,W,25,12,14
Zaza Pachulia,GSW,06/04/2017,GSW vs. CLE,W,13,2,13
Kyle Korver,CLE,06/04/2017,CLE @ GSW,L,23,8,-3
Matt Barnes,GSW,06/04/2017,GSW vs. CLE,W,3,0,-2
Andre Iguodala,GSW,06/04/2017,GSW vs. CLE,W,28,5,9
Deron Williams,CLE,06/04/2017,CLE @ GSW,L,14,0,-8
David West,GSW,06/04/2017,GSW vs. CLE,W,11,2,4
James Jones,CLE,06/04/2017,CLE @ GSW,L,4,0,0
Derrick Williams,CLE,06/04/2017,CLE @ GSW,L,4,5,0
Ian Clark,GSW,06/04/2017,GSW vs. CLE,W,13,10,1
Kevin Durant,GSW,06/04/2017,GSW vs. CLE,W,41,33,21
Richard Jefferson,CLE,06/04/2017,CLE @ GSW,L,13,7,-7
Patrick McCaw,GSW,06/04/2017,GSW vs. CLE,W,7,0,3
Shaun Livingston,GSW,06/04/2017,GSW vs. CLE,W,19,10,-10
Dahntay Jones,CLE,06/04/2017,CLE @ GSW,L,4,2,0
Kevin Love,CLE,06/04/2017,CLE @ GSW,L,30,27,-8
James Michael McAdoo,GSW,06/04/2017,GSW vs. CLE,W,4,2,-2
Tristan Thompson,CLE,06/04/2017,CLE @ GSW,L,21,8,-18
LeBron James,CLE,06/04/2017,CLE @ GSW,L,39,29,-11
Stephen Curry,GSW,06/04/2017,GSW vs. CLE,W,36,32,21
Iman Shumpert,CLE,06/04/2017,CLE @ GSW,L,22,6,-5
JaVale McGee,GSW,06/04/2017,GSW vs. CLE,W,3,2,-1
JR Smith,CLE,06/04/2017,CLE @ GSW,L,14,0,-18
Kyrie Irving,CLE,06/04/2017,CLE @ GSW,L,40,19,-17
Klay Thompson,GSW,06/04/2017,GSW vs. CLE,W,37,22,24
Channing Frye,CLE,06/04/2017,CLE @ GSW,L,11,2,0
Matt Barnes,GSW,06/07/2017,GSW @ CLE,W,0,0,0
Kevin Love,CLE,06/07/2017,CLE vs. GSW,L,37,9,-11
Klay Thompson,GSW,06/07/2017,GSW @ CLE,W,41,30,3
Iman Shumpert,CLE,06/07/2017,CLE vs. GSW,L,12,2,0
Stephen Curry,GSW,06/07/2017,GSW @ CLE,W,39,26,11
Kevin Durant,GSW,06/07/2017,GSW @ CLE,W,41,31,0
Shaun Livingston,GSW,06/07/2017,GSW @ CLE,W,12,6,-2
David West,GSW,06/07/2017,GSW @ CLE,W,11,7,-6
Draymond Green,GSW,06/07/2017,GSW @ CLE,W,33,8,14
Tristan Thompson,CLE,06/07/2017,CLE vs. GSW,L,23,0,-6
JR Smith,CLE,06/07/2017,CLE vs. GSW,L,34,16,-8
Richard Jefferson,CLE,06/07/2017,CLE vs. GSW,L,16,1,-5
Patrick McCaw,GSW,06/07/2017,GSW @ CLE,W,4,2,4
Kyrie Irving,CLE,06/07/2017,CLE vs. GSW,L,44,38,-9
Andre Iguodala,GSW,06/07/2017,GSW @ CLE,W,30,7,10
Kyle Korver,CLE,06/07/2017,CLE vs. GSW,L,24,8,3
JaVale McGee,GSW,06/07/2017,GSW @ CLE,W,8,1,1
Ian Clark,GSW,06/07/2017,GSW @ CLE,W,9,0,-6
Zaza Pachulia,GSW,06/07/2017,GSW @ CLE,W,13,0,-2
LeBron James,CLE,06/07/2017,CLE vs. GSW,L,46,39,7
Deron Williams,CLE,06/07/2017,CLE vs. GSW,L,4,0,4
James Michael McAdoo,GSW,06/07/2017,GSW @ CLE,W,0,0,-2
LeBron James,CLE,06/09/2017,CLE vs. GSW,W,41,31,30
JR Smith,CLE,06/09/2017,CLE vs. GSW,W,29,15,14
Kevin Love,CLE,06/09/2017,CLE vs. GSW,W,29,23,16
Matt Barnes,GSW,06/09/2017,GSW @ CLE,L,3,0,-1
Ian Clark,GSW,06/09/2017,GSW @ CLE,L,5,5,-1
Stephen Curry,GSW,06/09/2017,GSW @ CLE,L,38,14,-24
Klay Thompson,GSW,06/09/2017,GSW @ CLE,L,34,13,-6
Draymond Green,GSW,06/09/2017,GSW @ CLE,L,39,16,-17
Kevin Durant,GSW,06/09/2017,GSW @ CLE,L,39,35,-20
Tristan Thompson,CLE,06/09/2017,CLE vs. GSW,W,36,5,3
Zaza Pachulia,GSW,06/09/2017,GSW @ CLE,L,16,6,-11
Patrick McCaw,GSW,06/09/2017,GSW @ CLE,L,8,3,-7
James Jones,CLE,06/09/2017,CLE vs. GSW,W,2,0,0
JaVale McGee,GSW,06/09/2017,GSW @ CLE,L,6,4,-2
David West,GSW,06/09/2017,GSW @ CLE,L,10,6,-1
Iman Shumpert,CLE,06/09/2017,CLE vs. GSW,W,12,5,10
James Michael McAdoo,GSW,06/09/2017,GSW @ CLE,L,3,0,-1
Dahntay Jones,CLE,06/09/2017,CLE vs. GSW,W,2,0,0
Richard Jefferson,CLE,06/09/2017,CLE vs. GSW,W,22,8,11
Derrick Williams,CLE,06/09/2017,CLE vs. GSW,W,2,2,0
Kyrie Irving,CLE,06/09/2017,CLE vs. GSW,W,41,40,7
Andre Iguodala,GSW,06/09/2017,GSW @ CLE,L,21,4,10
Kyle Korver,CLE,06/09/2017,CLE vs. GSW,W,12,3,3
Shaun Livingston,GSW,06/09/2017,GSW @ CLE,L,19,10,-14
Deron Williams,CLE,06/09/2017,CLE vs. GSW,W,12,5,1
Richard Jefferson,CLE,06/12/2017,CLE @ GSW,L,17,4,3
Stephen Curry,GSW,06/12/2017,GSW vs. CLE,W,41,34,3
Kyle Korver,CLE,06/12/2017,CLE @ GSW,L,18,3,0
Tristan Thompson,CLE,06/12/2017,CLE @ GSW,L,30,15,-7
Deron Williams,CLE,06/12/2017,CLE @ GSW,L,12,0,2
JR Smith,CLE,06/12/2017,CLE @ GSW,L,41,25,-2
David West,GSW,06/12/2017,GSW vs. CLE,W,11,4,16
Shaun Livingston,GSW,06/12/2017,GSW vs. CLE,W,10,5,-6
Draymond Green,GSW,06/12/2017,GSW vs. CLE,W,44,10,19
Iman Shumpert,CLE,06/12/2017,CLE @ GSW,L,4,0,-9
Andre Iguodala,GSW,06/12/2017,GSW vs. CLE,W,38,20,18
LeBron James,CLE,06/12/2017,CLE @ GSW,L,46,41,-13
Klay Thompson,GSW,06/12/2017,GSW vs. CLE,W,34,11,-6
Patrick McCaw,GSW,06/12/2017,GSW vs. CLE,W,12,6,-3
Matt Barnes,GSW,06/12/2017,GSW vs. CLE,W,1,0,-5
Kevin Love,CLE,06/12/2017,CLE @ GSW,L,30,6,-23
Kevin Durant,GSW,06/12/2017,GSW vs. CLE,W,40,39,18
Kyrie Irving,CLE,06/12/2017,CLE @ GSW,L,42,26,4
Zaza Pachulia,GSW,06/12/2017,GSW vs. CLE,W,10,0,-9
